-- --------------------------------------------------------
-- Hôte:                         127.0.0.1
-- Version du serveur:           8.0.31 - MySQL Community Server - GPL
-- SE du serveur:                Win64
-- HeidiSQL Version:             12.6.0.6765
-- --------------------------------------------------------

/*!40101 SET @OLD_CHARACTER_SET_CLIENT=@@CHARACTER_SET_CLIENT */;
/*!40101 SET NAMES utf8 */;
/*!50503 SET NAMES utf8mb4 */;
/*!40103 SET @OLD_TIME_ZONE=@@TIME_ZONE */;
/*!40103 SET TIME_ZONE='+00:00' */;
/*!40014 SET @OLD_FOREIGN_KEY_CHECKS=@@FOREIGN_KEY_CHECKS, FOREIGN_KEY_CHECKS=0 */;
/*!40101 SET @OLD_SQL_MODE=@@SQL_MODE, SQL_MODE='NO_AUTO_VALUE_ON_ZERO' */;
/*!40111 SET @OLD_SQL_NOTES=@@SQL_NOTES, SQL_NOTES=0 */;

-- Listage de la structure de la table crec_rh_system_db. pro_archiving_documents
CREATE TABLE IF NOT EXISTS `pro_archiving_documents` (
  `id` bigint unsigned NOT NULL AUTO_INCREMENT,
  `project_id` bigint unsigned NOT NULL,
  `title` varchar(255) COLLATE utf8mb4_unicode_ci NOT NULL,
  `description` text COLLATE utf8mb4_unicode_ci,
  `file_path` varchar(255) COLLATE utf8mb4_unicode_ci DEFAULT NULL,
  `document_type` varchar(255) COLLATE utf8mb4_unicode_ci NOT NULL DEFAULT 'archive',
  `physical_location` varchar(255) COLLATE utf8mb4_unicode_ci DEFAULT NULL,
  `archive_date` date DEFAULT NULL,
  `uploaded_by` bigint unsigned DEFAULT NULL,
  `created_at` timestamp NULL DEFAULT NULL,
  `updated_at` timestamp NULL DEFAULT NULL,
  PRIMARY KEY (`id`),
  KEY `pro_archiving_documents_project_id_foreign` (`project_id`),
  KEY `pro_archiving_documents_uploaded_by_foreign` (`uploaded_by`),
  CONSTRAINT `pro_archiving_documents_project_id_foreign` FOREIGN KEY (`project_id`) REFERENCES `pro_projects` (`id`) ON DELETE CASCADE,
  CONSTRAINT `pro_archiving_documents_uploaded_by_foreign` FOREIGN KEY (`uploaded_by`) REFERENCES `users` (`id`) ON DELETE SET NULL
) ENGINE=InnoDB AUTO_INCREMENT=3 DEFAULT CHARSET=utf8mb4 COLLATE=utf8mb4_unicode_ci;

-- Listage des données de la table crec_rh_system_db.pro_archiving_documents : ~2 rows (environ)
INSERT INTO `pro_archiving_documents` (`id`, `project_id`, `title`, `description`, `file_path`, `document_type`, `physical_location`, `archive_date`, `uploaded_by`, `created_at`, `updated_at`) VALUES
	(1, 19, 'dd', 'ddd', 'archiving_documents/VmfoYQTh6v3OcspDlhxc0NlAcuMdU7zJXnVqptlK.pdf', 'dddd', 'dd', '2026-03-24', 18, '2026-03-24 14:57:09', '2026-03-24 14:57:09'),
	(2, 16, 'fff', 'ff', 'archiving_documents/PdSBxomZJdwq2JgezpyVBMGsWfDWWwDFnX4esX4f.pdf', 'dddd', 'f', '2026-03-25', 18, '2026-03-25 15:01:45', '2026-03-25 15:01:45');

-- Listage de la structure de la table crec_rh_system_db. pro_cl_amendment_deviation_inspections
CREATE TABLE IF NOT EXISTS `pro_cl_amendment_deviation_inspections` (
  `id` bigint unsigned NOT NULL AUTO_INCREMENT,
  `inspection_id` bigint unsigned NOT NULL,
  `filled_by` bigint unsigned DEFAULT NULL,
  `document_type` varchar(255) COLLATE utf8mb4_unicode_ci DEFAULT NULL,
  `deviation_number` varchar(255) COLLATE utf8mb4_unicode_ci DEFAULT NULL,
  `amendment_number` varchar(255) COLLATE utf8mb4_unicode_ci DEFAULT NULL,
  `q1` varchar(255) COLLATE utf8mb4_unicode_ci DEFAULT NULL,
  `q2` varchar(255) COLLATE utf8mb4_unicode_ci DEFAULT NULL,
  `q3` varchar(255) COLLATE utf8mb4_unicode_ci DEFAULT NULL,
  `q4` varchar(255) COLLATE utf8mb4_unicode_ci DEFAULT NULL,
  `q5` varchar(255) COLLATE utf8mb4_unicode_ci DEFAULT NULL,
  `q6` varchar(255) COLLATE utf8mb4_unicode_ci DEFAULT NULL,
  `q7` varchar(255) COLLATE utf8mb4_unicode_ci DEFAULT NULL,
  `q8` varchar(255) COLLATE utf8mb4_unicode_ci DEFAULT NULL,
  `comments` text COLLATE utf8mb4_unicode_ci,
  `is_conforming` tinyint(1) DEFAULT NULL,
  `created_at` timestamp NULL DEFAULT NULL,
  `updated_at` timestamp NULL DEFAULT NULL,
  PRIMARY KEY (`id`),
  UNIQUE KEY `pro_cl_amendment_deviation_inspections_inspection_id_unique` (`inspection_id`)
) ENGINE=InnoDB AUTO_INCREMENT=6 DEFAULT CHARSET=utf8mb4 COLLATE=utf8mb4_unicode_ci;

-- Listage des données de la table crec_rh_system_db.pro_cl_amendment_deviation_inspections : ~5 rows (environ)
INSERT INTO `pro_cl_amendment_deviation_inspections` (`id`, `inspection_id`, `filled_by`, `document_type`, `deviation_number`, `amendment_number`, `q1`, `q2`, `q3`, `q4`, `q5`, `q6`, `q7`, `q8`, `comments`, `is_conforming`, `created_at`, `updated_at`) VALUES
	(1, 29, 18, 'Study Protocol', '001', NULL, 'yes', 'yes', 'yes', 'yes', 'yes', 'yes', 'yes', 'yes', NULL, NULL, '2026-03-25 08:04:12', '2026-03-25 08:04:12'),
	(2, 41, 18, 'Study Report', NULL, '001', 'yes', 'yes', 'yes', 'yes', 'yes', 'yes', 'yes', 'yes', 'E', 1, '2026-03-27 10:53:42', '2026-03-27 10:53:42'),
	(3, 46, 18, 'Study Report', '001', NULL, 'yes', 'yes', 'yes', 'yes', 'yes', 'yes', 'yes', 'yes', NULL, 1, '2026-03-27 13:31:52', '2026-03-27 13:31:52'),
	(4, 45, 18, 'Study Report', NULL, NULL, 'yes', 'yes', 'yes', 'yes', 'no', 'no', 'no', 'no', NULL, 1, '2026-03-27 14:16:34', '2026-03-27 14:16:34'),
	(5, 47, 18, 'Study Report', '001', NULL, 'yes', 'yes', 'yes', 'yes', 'yes', 'yes', 'yes', 'yes', NULL, 1, '2026-03-27 14:16:53', '2026-03-27 14:16:53');

-- Listage de la structure de la table crec_rh_system_db. pro_cl_cdc_bottle_coating
CREATE TABLE IF NOT EXISTS `pro_cl_cdc_bottle_coating` (
  `id` bigint unsigned NOT NULL AUTO_INCREMENT,
  `project_id` bigint unsigned NOT NULL,
  `project_code` varchar(50) COLLATE utf8mb4_unicode_ci DEFAULT NULL,
  `inspection_id` bigint unsigned NOT NULL,
  `q1` enum('yes','no','na') COLLATE utf8mb4_unicode_ci DEFAULT NULL,
  `q2` enum('yes','no','na') COLLATE utf8mb4_unicode_ci DEFAULT NULL,
  `q3` enum('yes','no','na') COLLATE utf8mb4_unicode_ci DEFAULT NULL,
  `q4` enum('yes','no','na') COLLATE utf8mb4_unicode_ci DEFAULT NULL,
  `q5` enum('yes','no','na') COLLATE utf8mb4_unicode_ci DEFAULT NULL,
  `q6` enum('yes','no','na') COLLATE utf8mb4_unicode_ci DEFAULT NULL,
  `q7` enum('yes','no','na') COLLATE utf8mb4_unicode_ci DEFAULT NULL,
  `q8` enum('yes','no','na') COLLATE utf8mb4_unicode_ci DEFAULT NULL,
  `comments` text COLLATE utf8mb4_unicode_ci,
  `is_conforming` tinyint(1) DEFAULT NULL,
  `filled_by` bigint unsigned DEFAULT NULL,
  `created_at` timestamp NULL DEFAULT NULL,
  `updated_at` timestamp NULL DEFAULT NULL,
  PRIMARY KEY (`id`)
) ENGINE=InnoDB AUTO_INCREMENT=2 DEFAULT CHARSET=utf8mb4 COLLATE=utf8mb4_unicode_ci;

-- Listage des données de la table crec_rh_system_db.pro_cl_cdc_bottle_coating : ~1 rows (environ)
INSERT INTO `pro_cl_cdc_bottle_coating` (`id`, `project_id`, `project_code`, `inspection_id`, `q1`, `q2`, `q3`, `q4`, `q5`, `q6`, `q7`, `q8`, `comments`, `is_conforming`, `filled_by`, `created_at`, `updated_at`) VALUES
	(1, 16, '24-03-Y', 33, 'yes', 'yes', 'no', 'yes', 'no', 'no', 'no', 'yes', NULL, 0, 18, '2026-03-25 14:57:40', '2026-03-25 14:57:40');

-- Listage de la structure de la table crec_rh_system_db. pro_cl_cdc_bottle_test
CREATE TABLE IF NOT EXISTS `pro_cl_cdc_bottle_test` (
  `id` bigint unsigned NOT NULL AUTO_INCREMENT,
  `project_id` bigint unsigned NOT NULL,
  `project_code` varchar(50) COLLATE utf8mb4_unicode_ci DEFAULT NULL,
  `inspection_id` bigint unsigned NOT NULL,
  `q1` enum('yes','no','na') COLLATE utf8mb4_unicode_ci DEFAULT NULL,
  `q2` enum('yes','no','na') COLLATE utf8mb4_unicode_ci DEFAULT NULL,
  `q3` enum('yes','no','na') COLLATE utf8mb4_unicode_ci DEFAULT NULL,
  `q4` enum('yes','no','na') COLLATE utf8mb4_unicode_ci DEFAULT NULL,
  `q5` enum('yes','no','na') COLLATE utf8mb4_unicode_ci DEFAULT NULL,
  `q6` enum('yes','no','na') COLLATE utf8mb4_unicode_ci DEFAULT NULL,
  `q7` enum('yes','no','na') COLLATE utf8mb4_unicode_ci DEFAULT NULL,
  `q8` enum('yes','no','na') COLLATE utf8mb4_unicode_ci DEFAULT NULL,
  `q9` enum('yes','no','na') COLLATE utf8mb4_unicode_ci DEFAULT NULL,
  `q10` enum('yes','no','na') COLLATE utf8mb4_unicode_ci DEFAULT NULL,
  `comments` text COLLATE utf8mb4_unicode_ci,
  `is_conforming` tinyint(1) DEFAULT NULL,
  `filled_by` bigint unsigned DEFAULT NULL,
  `created_at` timestamp NULL DEFAULT NULL,
  `updated_at` timestamp NULL DEFAULT NULL,
  PRIMARY KEY (`id`)
) ENGINE=InnoDB AUTO_INCREMENT=5 DEFAULT CHARSET=utf8mb4 COLLATE=utf8mb4_unicode_ci;

-- Listage des données de la table crec_rh_system_db.pro_cl_cdc_bottle_test : ~4 rows (environ)
INSERT INTO `pro_cl_cdc_bottle_test` (`id`, `project_id`, `project_code`, `inspection_id`, `q1`, `q2`, `q3`, `q4`, `q5`, `q6`, `q7`, `q8`, `q9`, `q10`, `comments`, `is_conforming`, `filled_by`, `created_at`, `updated_at`) VALUES
	(1, 5, '24-04-B/GLP', 12, 'yes', 'yes', 'yes', 'yes', 'yes', 'yes', 'yes', 'yes', 'no', 'no', NULL, NULL, 18, '2026-03-17 10:27:39', '2026-03-17 10:27:39'),
	(2, 5, '24-04-B/GLP', 14, 'no', 'no', 'yes', 'no', 'yes', 'yes', 'yes', 'yes', 'no', 'yes', NULL, NULL, 18, '2026-03-17 10:28:11', '2026-03-17 10:28:11'),
	(3, 5, '24-04-B/GLP', 15, 'no', 'no', 'na', 'yes', 'yes', 'no', 'no', 'no', 'yes', 'yes', NULL, 1, 18, '2026-03-17 10:28:22', '2026-03-24 12:59:33'),
	(4, 25, '24-03-BV', 39, 'yes', 'yes', 'yes', 'yes', 'yes', 'yes', 'yes', 'yes', 'yes', 'yes', NULL, 1, 18, '2026-03-27 10:33:56', '2026-03-27 10:33:56');

-- Listage de la structure de la table crec_rh_system_db. pro_cl_cone_irs_bl_test
CREATE TABLE IF NOT EXISTS `pro_cl_cone_irs_bl_test` (
  `id` bigint unsigned NOT NULL AUTO_INCREMENT,
  `project_id` bigint unsigned NOT NULL,
  `project_code` varchar(50) COLLATE utf8mb4_unicode_ci DEFAULT NULL,
  `inspection_id` bigint unsigned NOT NULL,
  `q1` enum('yes','no','na') COLLATE utf8mb4_unicode_ci DEFAULT NULL,
  `q2` enum('yes','no','na') COLLATE utf8mb4_unicode_ci DEFAULT NULL,
  `q3` enum('yes','no','na') COLLATE utf8mb4_unicode_ci DEFAULT NULL,
  `q4` enum('yes','no','na') COLLATE utf8mb4_unicode_ci DEFAULT NULL,
  `q5` enum('yes','no','na') COLLATE utf8mb4_unicode_ci DEFAULT NULL,
  `q6` enum('yes','no','na') COLLATE utf8mb4_unicode_ci DEFAULT NULL,
  `q7` enum('yes','no','na') COLLATE utf8mb4_unicode_ci DEFAULT NULL,
  `q8` enum('yes','no','na') COLLATE utf8mb4_unicode_ci DEFAULT NULL,
  `q9` enum('yes','no','na') COLLATE utf8mb4_unicode_ci DEFAULT NULL,
  `q10` enum('yes','no','na') COLLATE utf8mb4_unicode_ci DEFAULT NULL,
  `q11` enum('yes','no','na') COLLATE utf8mb4_unicode_ci DEFAULT NULL,
  `comments` text COLLATE utf8mb4_unicode_ci,
  `is_conforming` tinyint(1) DEFAULT NULL,
  `filled_by` bigint unsigned DEFAULT NULL,
  `created_at` timestamp NULL DEFAULT NULL,
  `updated_at` timestamp NULL DEFAULT NULL,
  PRIMARY KEY (`id`)
) ENGINE=InnoDB DEFAULT CHARSET=utf8mb4 COLLATE=utf8mb4_unicode_ci;

-- Listage des données de la table crec_rh_system_db.pro_cl_cone_irs_bl_test : ~0 rows (environ)

-- Listage de la structure de la table crec_rh_system_db. pro_cl_cone_irs_bl_treat
CREATE TABLE IF NOT EXISTS `pro_cl_cone_irs_bl_treat` (
  `id` bigint unsigned NOT NULL AUTO_INCREMENT,
  `project_id` bigint unsigned NOT NULL,
  `project_code` varchar(50) COLLATE utf8mb4_unicode_ci DEFAULT NULL,
  `inspection_id` bigint unsigned NOT NULL,
  `q1` enum('yes','no','na') COLLATE utf8mb4_unicode_ci DEFAULT NULL,
  `q2` enum('yes','no','na') COLLATE utf8mb4_unicode_ci DEFAULT NULL,
  `q3` enum('yes','no','na') COLLATE utf8mb4_unicode_ci DEFAULT NULL,
  `q4` enum('yes','no','na') COLLATE utf8mb4_unicode_ci DEFAULT NULL,
  `q5` enum('yes','no','na') COLLATE utf8mb4_unicode_ci DEFAULT NULL,
  `q6` enum('yes','no','na') COLLATE utf8mb4_unicode_ci DEFAULT NULL,
  `q7` enum('yes','no','na') COLLATE utf8mb4_unicode_ci DEFAULT NULL,
  `q8` enum('yes','no','na') COLLATE utf8mb4_unicode_ci DEFAULT NULL,
  `q9` enum('yes','no','na') COLLATE utf8mb4_unicode_ci DEFAULT NULL,
  `q10` enum('yes','no','na') COLLATE utf8mb4_unicode_ci DEFAULT NULL,
  `comments` text COLLATE utf8mb4_unicode_ci,
  `is_conforming` tinyint(1) DEFAULT NULL,
  `filled_by` bigint unsigned DEFAULT NULL,
  `created_at` timestamp NULL DEFAULT NULL,
  `updated_at` timestamp NULL DEFAULT NULL,
  PRIMARY KEY (`id`)
) ENGINE=InnoDB AUTO_INCREMENT=2 DEFAULT CHARSET=utf8mb4 COLLATE=utf8mb4_unicode_ci;

-- Listage des données de la table crec_rh_system_db.pro_cl_cone_irs_bl_treat : ~1 rows (environ)
INSERT INTO `pro_cl_cone_irs_bl_treat` (`id`, `project_id`, `project_code`, `inspection_id`, `q1`, `q2`, `q3`, `q4`, `q5`, `q6`, `q7`, `q8`, `q9`, `q10`, `comments`, `is_conforming`, `filled_by`, `created_at`, `updated_at`) VALUES
	(1, 6, '24-05', 11, 'yes', 'yes', 'yes', 'yes', 'yes', 'yes', 'yes', 'yes', 'yes', 'yes', NULL, NULL, 18, '2026-03-17 09:49:23', '2026-03-17 09:49:23');

-- Listage de la structure de la table crec_rh_system_db. pro_cl_cone_irs_walls
CREATE TABLE IF NOT EXISTS `pro_cl_cone_irs_walls` (
  `id` bigint unsigned NOT NULL AUTO_INCREMENT,
  `project_id` bigint unsigned NOT NULL,
  `project_code` varchar(50) COLLATE utf8mb4_unicode_ci DEFAULT NULL,
  `inspection_id` bigint unsigned NOT NULL,
  `q1` enum('yes','no','na') COLLATE utf8mb4_unicode_ci DEFAULT NULL,
  `q2` enum('yes','no','na') COLLATE utf8mb4_unicode_ci DEFAULT NULL,
  `q3` enum('yes','no','na') COLLATE utf8mb4_unicode_ci DEFAULT NULL,
  `q4` enum('yes','no','na') COLLATE utf8mb4_unicode_ci DEFAULT NULL,
  `q5` enum('yes','no','na') COLLATE utf8mb4_unicode_ci DEFAULT NULL,
  `q6` enum('yes','no','na') COLLATE utf8mb4_unicode_ci DEFAULT NULL,
  `q7` enum('yes','no','na') COLLATE utf8mb4_unicode_ci DEFAULT NULL,
  `q8` enum('yes','no','na') COLLATE utf8mb4_unicode_ci DEFAULT NULL,
  `q9` enum('yes','no','na') COLLATE utf8mb4_unicode_ci DEFAULT NULL,
  `q10` enum('yes','no','na') COLLATE utf8mb4_unicode_ci DEFAULT NULL,
  `q11` enum('yes','no','na') COLLATE utf8mb4_unicode_ci DEFAULT NULL,
  `q12` enum('yes','no','na') COLLATE utf8mb4_unicode_ci DEFAULT NULL,
  `comments` text COLLATE utf8mb4_unicode_ci,
  `is_conforming` tinyint(1) DEFAULT NULL,
  `filled_by` bigint unsigned DEFAULT NULL,
  `created_at` timestamp NULL DEFAULT NULL,
  `updated_at` timestamp NULL DEFAULT NULL,
  PRIMARY KEY (`id`)
) ENGINE=InnoDB DEFAULT CHARSET=utf8mb4 COLLATE=utf8mb4_unicode_ci;

-- Listage des données de la table crec_rh_system_db.pro_cl_cone_irs_walls : ~0 rows (environ)

-- Listage de la structure de la table crec_rh_system_db. pro_cl_cone_llin
CREATE TABLE IF NOT EXISTS `pro_cl_cone_llin` (
  `id` bigint unsigned NOT NULL AUTO_INCREMENT,
  `project_id` bigint unsigned NOT NULL,
  `project_code` varchar(50) COLLATE utf8mb4_unicode_ci DEFAULT NULL,
  `inspection_id` bigint unsigned NOT NULL,
  `q1` enum('yes','no','na') COLLATE utf8mb4_unicode_ci DEFAULT NULL,
  `q2` enum('yes','no','na') COLLATE utf8mb4_unicode_ci DEFAULT NULL,
  `q3` enum('yes','no','na') COLLATE utf8mb4_unicode_ci DEFAULT NULL,
  `q4` enum('yes','no','na') COLLATE utf8mb4_unicode_ci DEFAULT NULL,
  `q5` enum('yes','no','na') COLLATE utf8mb4_unicode_ci DEFAULT NULL,
  `q6` enum('yes','no','na') COLLATE utf8mb4_unicode_ci DEFAULT NULL,
  `q7` enum('yes','no','na') COLLATE utf8mb4_unicode_ci DEFAULT NULL,
  `q8` enum('yes','no','na') COLLATE utf8mb4_unicode_ci DEFAULT NULL,
  `q9` enum('yes','no','na') COLLATE utf8mb4_unicode_ci DEFAULT NULL,
  `q10` enum('yes','no','na') COLLATE utf8mb4_unicode_ci DEFAULT NULL,
  `q11` enum('yes','no','na') COLLATE utf8mb4_unicode_ci DEFAULT NULL,
  `q12` enum('yes','no','na') COLLATE utf8mb4_unicode_ci DEFAULT NULL,
  `q13` enum('yes','no','na') COLLATE utf8mb4_unicode_ci DEFAULT NULL,
  `comments` text COLLATE utf8mb4_unicode_ci,
  `is_conforming` tinyint(1) DEFAULT NULL,
  `filled_by` bigint unsigned DEFAULT NULL,
  `created_at` timestamp NULL DEFAULT NULL,
  `updated_at` timestamp NULL DEFAULT NULL,
  PRIMARY KEY (`id`)
) ENGINE=InnoDB AUTO_INCREMENT=4 DEFAULT CHARSET=utf8mb4 COLLATE=utf8mb4_unicode_ci;

-- Listage des données de la table crec_rh_system_db.pro_cl_cone_llin : ~3 rows (environ)
INSERT INTO `pro_cl_cone_llin` (`id`, `project_id`, `project_code`, `inspection_id`, `q1`, `q2`, `q3`, `q4`, `q5`, `q6`, `q7`, `q8`, `q9`, `q10`, `q11`, `q12`, `q13`, `comments`, `is_conforming`, `filled_by`, `created_at`, `updated_at`) VALUES
	(1, 3, '24-03', 5, 'yes', 'no', 'no', 'yes', 'yes', 'yes', 'no', 'na', 'no', 'no', 'no', 'yes', 'no', 'Tout s\'est bien passé', NULL, 18, '2026-02-25 15:17:37', '2026-02-25 15:17:37'),
	(2, 6, '24-05', 7, 'yes', 'no', 'no', 'no', 'no', 'no', 'yes', 'yes', 'yes', 'yes', 'yes', 'no', 'yes', 'h', NULL, 18, '2026-03-16 07:43:34', '2026-03-16 07:58:58'),
	(3, 1, '24-01', 20, 'no', 'no', 'yes', 'yes', 'yes', 'yes', 'yes', 'yes', 'yes', 'yes', 'yes', 'yes', 'yes', 'dd', 1, 18, '2026-03-23 12:18:13', '2026-03-23 12:36:38');

-- Listage de la structure de la table crec_rh_system_db. pro_cl_cylinder_bioassay
CREATE TABLE IF NOT EXISTS `pro_cl_cylinder_bioassay` (
  `id` bigint unsigned NOT NULL AUTO_INCREMENT,
  `project_id` bigint unsigned NOT NULL,
  `project_code` varchar(50) COLLATE utf8mb4_unicode_ci DEFAULT NULL,
  `inspection_id` bigint unsigned NOT NULL,
  `q1` enum('yes','no','na') COLLATE utf8mb4_unicode_ci DEFAULT NULL,
  `q2` enum('yes','no','na') COLLATE utf8mb4_unicode_ci DEFAULT NULL,
  `q3` enum('yes','no','na') COLLATE utf8mb4_unicode_ci DEFAULT NULL,
  `q4` enum('yes','no','na') COLLATE utf8mb4_unicode_ci DEFAULT NULL,
  `q5` enum('yes','no','na') COLLATE utf8mb4_unicode_ci DEFAULT NULL,
  `q6` enum('yes','no','na') COLLATE utf8mb4_unicode_ci DEFAULT NULL,
  `q7` enum('yes','no','na') COLLATE utf8mb4_unicode_ci DEFAULT NULL,
  `q8` enum('yes','no','na') COLLATE utf8mb4_unicode_ci DEFAULT NULL,
  `comments` text COLLATE utf8mb4_unicode_ci,
  `is_conforming` tinyint(1) DEFAULT NULL,
  `filled_by` bigint unsigned DEFAULT NULL,
  `created_at` timestamp NULL DEFAULT NULL,
  `updated_at` timestamp NULL DEFAULT NULL,
  PRIMARY KEY (`id`)
) ENGINE=InnoDB AUTO_INCREMENT=2 DEFAULT CHARSET=utf8mb4 COLLATE=utf8mb4_unicode_ci;

-- Listage des données de la table crec_rh_system_db.pro_cl_cylinder_bioassay : ~1 rows (environ)
INSERT INTO `pro_cl_cylinder_bioassay` (`id`, `project_id`, `project_code`, `inspection_id`, `q1`, `q2`, `q3`, `q4`, `q5`, `q6`, `q7`, `q8`, `comments`, `is_conforming`, `filled_by`, `created_at`, `updated_at`) VALUES
	(1, 10, '24-09', 28, 'no', 'no', 'na', 'na', 'no', 'na', 'yes', 'no', NULL, 1, 18, '2026-03-25 10:09:21', '2026-03-25 10:09:21');

-- Listage de la structure de la table crec_rh_system_db. pro_cl_data_quality_inspections
CREATE TABLE IF NOT EXISTS `pro_cl_data_quality_inspections` (
  `id` bigint unsigned NOT NULL AUTO_INCREMENT,
  `inspection_id` bigint unsigned NOT NULL,
  `sections_done` json DEFAULT NULL,
  `aspects_inspected` json DEFAULT NULL,
  `study_start_date` date DEFAULT NULL,
  `study_end_date` date DEFAULT NULL,
  `study_director_name` varchar(255) COLLATE utf8mb4_unicode_ci DEFAULT NULL,
  `qa_inspector_phone` varchar(255) COLLATE utf8mb4_unicode_ci DEFAULT NULL,
  `qa_inspector_email` varchar(255) COLLATE utf8mb4_unicode_ci DEFAULT NULL,
  `personnel_involved` json DEFAULT NULL,
  `a_answers` json DEFAULT NULL,
  `a_date_performed` date DEFAULT NULL,
  `a_qa_personnel_id` bigint unsigned DEFAULT NULL,
  `a_comments` text COLLATE utf8mb4_unicode_ci,
  `a_is_conforming` tinyint(1) DEFAULT NULL,
  `b_answers` json DEFAULT NULL,
  `b_date_performed` date DEFAULT NULL,
  `b_qa_personnel_id` bigint unsigned DEFAULT NULL,
  `b_comments` text COLLATE utf8mb4_unicode_ci,
  `b_is_conforming` tinyint(1) DEFAULT NULL,
  `c_v1_answers` json DEFAULT NULL,
  `c_v1_date_performed` date DEFAULT NULL,
  `c_v1_qa_personnel_id` bigint unsigned DEFAULT NULL,
  `c_v2_answers` json DEFAULT NULL,
  `c_v2_date_performed` date DEFAULT NULL,
  `c_v2_qa_personnel_id` bigint unsigned DEFAULT NULL,
  `c_comments` text COLLATE utf8mb4_unicode_ci,
  `c_is_conforming` tinyint(1) DEFAULT NULL,
  `d_v1_answers` json DEFAULT NULL,
  `d_v1_date_performed` date DEFAULT NULL,
  `d_v1_qa_personnel_id` bigint unsigned DEFAULT NULL,
  `d_v2_answers` json DEFAULT NULL,
  `d_v2_date_performed` date DEFAULT NULL,
  `d_v2_qa_personnel_id` bigint unsigned DEFAULT NULL,
  `d_comments` text COLLATE utf8mb4_unicode_ci,
  `d_is_conforming` tinyint(1) DEFAULT NULL,
  `e_answers` json DEFAULT NULL,
  `e_date_performed` date DEFAULT NULL,
  `e_qa_personnel_id` bigint unsigned DEFAULT NULL,
  `e_comments` text COLLATE utf8mb4_unicode_ci,
  `e_is_conforming` tinyint(1) DEFAULT NULL,
  `created_at` timestamp NULL DEFAULT NULL,
  `updated_at` timestamp NULL DEFAULT NULL,
  PRIMARY KEY (`id`),
  KEY `pro_cl_data_quality_inspections_inspection_id_foreign` (`inspection_id`),
  CONSTRAINT `pro_cl_data_quality_inspections_inspection_id_foreign` FOREIGN KEY (`inspection_id`) REFERENCES `pro_qa_inspections` (`id`) ON DELETE CASCADE
) ENGINE=InnoDB AUTO_INCREMENT=2 DEFAULT CHARSET=utf8mb4 COLLATE=utf8mb4_unicode_ci;

-- Listage des données de la table crec_rh_system_db.pro_cl_data_quality_inspections : ~0 rows (environ)
INSERT INTO `pro_cl_data_quality_inspections` (`id`, `inspection_id`, `sections_done`, `aspects_inspected`, `study_start_date`, `study_end_date`, `study_director_name`, `qa_inspector_phone`, `qa_inspector_email`, `personnel_involved`, `a_answers`, `a_date_performed`, `a_qa_personnel_id`, `a_comments`, `a_is_conforming`, `b_answers`, `b_date_performed`, `b_qa_personnel_id`, `b_comments`, `b_is_conforming`, `c_v1_answers`, `c_v1_date_performed`, `c_v1_qa_personnel_id`, `c_v2_answers`, `c_v2_date_performed`, `c_v2_qa_personnel_id`, `c_comments`, `c_is_conforming`, `d_v1_answers`, `d_v1_date_performed`, `d_v1_qa_personnel_id`, `d_v2_answers`, `d_v2_date_performed`, `d_v2_qa_personnel_id`, `d_comments`, `d_is_conforming`, `e_answers`, `e_date_performed`, `e_qa_personnel_id`, `e_comments`, `e_is_conforming`, `created_at`, `updated_at`) VALUES
	(1, 32, '["a", "b", "c", "d", "e"]', '["Staff Training", "Computerised Systems and Softwares validation", "Data Validity", "Data Sheet Information", "Study Box"]', '2026-03-25', NULL, 'BOTA ALI', '+22996045392', 'fhoueha@crec-lshtm.org', '[{"name": "Allo", "title": "Equipementier"}, {"name": null, "title": null}, {"name": null, "title": null}, {"name": null, "title": null}, {"name": null, "title": null}, {"name": null, "title": null}, {"name": null, "title": null}]', '{"1": "yes", "2": "yes", "3": "yes"}', '2026-03-25', 66, NULL, 1, '{"1": "no", "2": "yes", "3": "yes", "4": "yes", "5": "yes", "6": "yes", "7": "no", "8": "no", "9": "no", "10": "no", "11": "yes", "12": "yes"}', '2026-03-25', 34, NULL, 1, '{"1": "yes", "2": "na", "3": null, "4": "no", "5": "yes", "6": "yes", "7": "yes", "8": "yes", "9": "yes", "10": "yes"}', '2026-03-25', 34, '{"1": "yes", "2": "yes", "3": "yes", "4": "yes", "5": "yes", "6": "yes", "7": "yes", "8": "yes", "9": "yes", "10": "yes"}', '2026-03-25', 31, NULL, 1, '{"1": "no", "2": "no", "3": "no", "4": "no", "2a": "no", "2b": "no", "2c": "yes", "2d": "yes", "2e": "yes", "2f": "yes", "2g": "yes", "2h": "yes", "2i": "yes", "2j": "yes", "2k": "yes", "2l": "yes", "2m": "no", "2n": "no"}', '2026-03-25', 7, '{"1": "na", "2": "na", "3": "yes", "4": "na", "2a": "na", "2b": "na", "2c": "na", "2d": "no", "2e": "yes", "2f": "no", "2g": "no", "2h": "yes", "2i": "yes", "2j": "yes", "2k": "yes", "2l": "yes", "2m": "yes", "2n": "yes"}', '2026-03-25', 31, NULL, 1, '{"1": {"signed": "no", "response": "yes"}, "2": {"signed": null, "response": "no"}, "3": {"signed": null, "response": "no"}, "4": {"signed": null, "response": "no"}, "5": {"signed": "yes", "response": "yes"}, "6": {"signed": null, "response": "no"}, "7": {"signed": null, "response": "na"}, "8": {"signed": null, "response": "no"}, "9": {"signed": null, "response": "no"}, "10": {"signed": "no", "response": "no"}, "11": {"signed": "no", "response": "no"}, "12": {"signed": "no", "response": "no"}, "13": {"signed": null, "response": "yes"}, "14": {"signed": null, "response": "no"}, "15": {"signed": null, "response": "no"}, "16": {"signed": "yes", "response": "yes"}, "17": {"signed": "yes", "response": "yes"}, "18": {"signed": "yes", "response": "yes"}, "19": {"signed": null, "response": "yes"}, "20": {"signed": null, "response": "no"}, "21": {"signed": null, "response": "na"}, "22": {"signed": null, "response": "na"}, "23": {"signed": "yes", "response": "yes"}, "24": {"signed": "yes", "response": "yes"}, "25": {"signed": "yes", "response": "yes"}, "26": {"signed": "yes", "response": "yes"}, "27": {"signed": "yes", "response": "yes"}, "28": {"signed": "yes", "response": "yes"}, "29": {"signed": "yes", "response": "yes"}, "30": {"signed": "yes", "response": "yes"}}', '2026-03-25', 34, NULL, 1, '2026-03-25 12:31:00', '2026-03-25 13:03:48');

-- Listage de la structure de la table crec_rh_system_db. pro_cl_facility_inspection
CREATE TABLE IF NOT EXISTS `pro_cl_facility_inspection` (
  `id` bigint unsigned NOT NULL AUTO_INCREMENT,
  `inspection_id` bigint unsigned NOT NULL,
  `sections_done` json DEFAULT NULL,
  `project_id` bigint unsigned DEFAULT NULL,
  `project_code` varchar(100) COLLATE utf8mb4_unicode_ci DEFAULT NULL,
  `filled_by` bigint unsigned DEFAULT NULL,
  `a_q1` enum('yes','no','na') COLLATE utf8mb4_unicode_ci DEFAULT NULL,
  `a_q2` enum('yes','no','na') COLLATE utf8mb4_unicode_ci DEFAULT NULL,
  `a_q3` enum('yes','no','na') COLLATE utf8mb4_unicode_ci DEFAULT NULL,
  `a_q4` enum('yes','no','na') COLLATE utf8mb4_unicode_ci DEFAULT NULL,
  `a_q5` enum('yes','no','na') COLLATE utf8mb4_unicode_ci DEFAULT NULL,
  `a_q6` enum('yes','no','na') COLLATE utf8mb4_unicode_ci DEFAULT NULL,
  `a_q7` enum('yes','no','na') COLLATE utf8mb4_unicode_ci DEFAULT NULL,
  `a_q8` enum('yes','no','na') COLLATE utf8mb4_unicode_ci DEFAULT NULL,
  `a_q9` enum('yes','no','na') COLLATE utf8mb4_unicode_ci DEFAULT NULL,
  `a_q10` enum('yes','no','na') COLLATE utf8mb4_unicode_ci DEFAULT NULL,
  `a_q11` enum('yes','no','na') COLLATE utf8mb4_unicode_ci DEFAULT NULL,
  `a_q12` enum('yes','no','na') COLLATE utf8mb4_unicode_ci DEFAULT NULL,
  `a_q13` enum('yes','no','na') COLLATE utf8mb4_unicode_ci DEFAULT NULL,
  `a_q14` enum('yes','no','na') COLLATE utf8mb4_unicode_ci DEFAULT NULL,
  `a_q15` enum('yes','no','na') COLLATE utf8mb4_unicode_ci DEFAULT NULL,
  `a_q16` enum('yes','no','na') COLLATE utf8mb4_unicode_ci DEFAULT NULL,
  `a_q17` enum('yes','no','na') COLLATE utf8mb4_unicode_ci DEFAULT NULL,
  `a_q18` enum('yes','no','na') COLLATE utf8mb4_unicode_ci DEFAULT NULL,
  `a_q19` enum('yes','no','na') COLLATE utf8mb4_unicode_ci DEFAULT NULL,
  `a_q20` enum('yes','no','na') COLLATE utf8mb4_unicode_ci DEFAULT NULL,
  `a_q21` enum('yes','no','na') COLLATE utf8mb4_unicode_ci DEFAULT NULL,
  `a_q22` enum('yes','no','na') COLLATE utf8mb4_unicode_ci DEFAULT NULL,
  `a_q23` enum('yes','no','na') COLLATE utf8mb4_unicode_ci DEFAULT NULL,
  `a_q24` enum('yes','no','na') COLLATE utf8mb4_unicode_ci DEFAULT NULL,
  `a_q25` enum('yes','no','na') COLLATE utf8mb4_unicode_ci DEFAULT NULL,
  `a_q26` enum('yes','no','na') COLLATE utf8mb4_unicode_ci DEFAULT NULL,
  `a_comments` text COLLATE utf8mb4_unicode_ci,
  `a_is_conforming` tinyint(1) DEFAULT NULL,
  `b_q1` enum('yes','no','na') COLLATE utf8mb4_unicode_ci DEFAULT NULL,
  `b_q2` enum('yes','no','na') COLLATE utf8mb4_unicode_ci DEFAULT NULL,
  `b_q3` enum('yes','no','na') COLLATE utf8mb4_unicode_ci DEFAULT NULL,
  `b_q4` enum('yes','no','na') COLLATE utf8mb4_unicode_ci DEFAULT NULL,
  `b_q5` enum('yes','no','na') COLLATE utf8mb4_unicode_ci DEFAULT NULL,
  `b_q6` enum('yes','no','na') COLLATE utf8mb4_unicode_ci DEFAULT NULL,
  `b_q7` enum('yes','no','na') COLLATE utf8mb4_unicode_ci DEFAULT NULL,
  `b_q8` enum('yes','no','na') COLLATE utf8mb4_unicode_ci DEFAULT NULL,
  `b_q9` enum('yes','no','na') COLLATE utf8mb4_unicode_ci DEFAULT NULL,
  `b_q10` enum('yes','no','na') COLLATE utf8mb4_unicode_ci DEFAULT NULL,
  `b_q11` enum('yes','no','na') COLLATE utf8mb4_unicode_ci DEFAULT NULL,
  `b_q12` enum('yes','no','na') COLLATE utf8mb4_unicode_ci DEFAULT NULL,
  `b_q13` enum('yes','no','na') COLLATE utf8mb4_unicode_ci DEFAULT NULL,
  `b_q14` enum('yes','no','na') COLLATE utf8mb4_unicode_ci DEFAULT NULL,
  `b_q15` enum('yes','no','na') COLLATE utf8mb4_unicode_ci DEFAULT NULL,
  `b_comments` text COLLATE utf8mb4_unicode_ci,
  `b_is_conforming` tinyint(1) DEFAULT NULL,
  `c_q1` enum('yes','no','na') COLLATE utf8mb4_unicode_ci DEFAULT NULL,
  `c_q2` enum('yes','no','na') COLLATE utf8mb4_unicode_ci DEFAULT NULL,
  `c_q3` enum('yes','no','na') COLLATE utf8mb4_unicode_ci DEFAULT NULL,
  `c_q4` enum('yes','no','na') COLLATE utf8mb4_unicode_ci DEFAULT NULL,
  `c_q5` enum('yes','no','na') COLLATE utf8mb4_unicode_ci DEFAULT NULL,
  `c_q6` enum('yes','no','na') COLLATE utf8mb4_unicode_ci DEFAULT NULL,
  `c_q7` enum('yes','no','na') COLLATE utf8mb4_unicode_ci DEFAULT NULL,
  `c_q8` enum('yes','no','na') COLLATE utf8mb4_unicode_ci DEFAULT NULL,
  `c_q9` enum('yes','no','na') COLLATE utf8mb4_unicode_ci DEFAULT NULL,
  `c_q10` enum('yes','no','na') COLLATE utf8mb4_unicode_ci DEFAULT NULL,
  `c_q11` enum('yes','no','na') COLLATE utf8mb4_unicode_ci DEFAULT NULL,
  `c_comments` text COLLATE utf8mb4_unicode_ci,
  `c_is_conforming` tinyint(1) DEFAULT NULL,
  `d_q1` enum('yes','no','na') COLLATE utf8mb4_unicode_ci DEFAULT NULL,
  `d_q2` enum('yes','no','na') COLLATE utf8mb4_unicode_ci DEFAULT NULL,
  `d_q3` enum('yes','no','na') COLLATE utf8mb4_unicode_ci DEFAULT NULL,
  `d_q4` enum('yes','no','na') COLLATE utf8mb4_unicode_ci DEFAULT NULL,
  `d_q5` enum('yes','no','na') COLLATE utf8mb4_unicode_ci DEFAULT NULL,
  `d_comments` text COLLATE utf8mb4_unicode_ci,
  `d_is_conforming` tinyint(1) DEFAULT NULL,
  `e_q1` enum('yes','no','na') COLLATE utf8mb4_unicode_ci DEFAULT NULL,
  `e_q2` enum('yes','no','na') COLLATE utf8mb4_unicode_ci DEFAULT NULL,
  `e_q3` enum('yes','no','na') COLLATE utf8mb4_unicode_ci DEFAULT NULL,
  `e_q4` enum('yes','no','na') COLLATE utf8mb4_unicode_ci DEFAULT NULL,
  `e_comments` text COLLATE utf8mb4_unicode_ci,
  `e_is_conforming` tinyint(1) DEFAULT NULL,
  `f_q1` enum('yes','no','na') COLLATE utf8mb4_unicode_ci DEFAULT NULL,
  `f_q2` enum('yes','no','na') COLLATE utf8mb4_unicode_ci DEFAULT NULL,
  `f_q3` enum('yes','no','na') COLLATE utf8mb4_unicode_ci DEFAULT NULL,
  `f_q4` enum('yes','no','na') COLLATE utf8mb4_unicode_ci DEFAULT NULL,
  `f_q5` enum('yes','no','na') COLLATE utf8mb4_unicode_ci DEFAULT NULL,
  `f_q6` enum('yes','no','na') COLLATE utf8mb4_unicode_ci DEFAULT NULL,
  `f_q7` enum('yes','no','na') COLLATE utf8mb4_unicode_ci DEFAULT NULL,
  `f_q8` enum('yes','no','na') COLLATE utf8mb4_unicode_ci DEFAULT NULL,
  `f_q9` enum('yes','no','na') COLLATE utf8mb4_unicode_ci DEFAULT NULL,
  `f_q10` enum('yes','no','na') COLLATE utf8mb4_unicode_ci DEFAULT NULL,
  `f_q11` enum('yes','no','na') COLLATE utf8mb4_unicode_ci DEFAULT NULL,
  `f_q12` enum('yes','no','na') COLLATE utf8mb4_unicode_ci DEFAULT NULL,
  `f_q13` enum('yes','no','na') COLLATE utf8mb4_unicode_ci DEFAULT NULL,
  `f_q14` enum('yes','no','na') COLLATE utf8mb4_unicode_ci DEFAULT NULL,
  `f_q15` enum('yes','no','na') COLLATE utf8mb4_unicode_ci DEFAULT NULL,
  `f_q16` enum('yes','no','na') COLLATE utf8mb4_unicode_ci DEFAULT NULL,
  `f_q17` enum('yes','no','na') COLLATE utf8mb4_unicode_ci DEFAULT NULL,
  `f_q18` enum('yes','no','na') COLLATE utf8mb4_unicode_ci DEFAULT NULL,
  `f_q19` enum('yes','no','na') COLLATE utf8mb4_unicode_ci DEFAULT NULL,
  `f_comments` text COLLATE utf8mb4_unicode_ci,
  `f_is_conforming` tinyint(1) DEFAULT NULL,
  `g_q1` enum('yes','no','na') COLLATE utf8mb4_unicode_ci DEFAULT NULL,
  `g_q2` enum('yes','no','na') COLLATE utf8mb4_unicode_ci DEFAULT NULL,
  `g_q3` enum('yes','no','na') COLLATE utf8mb4_unicode_ci DEFAULT NULL,
  `g_q4` enum('yes','no','na') COLLATE utf8mb4_unicode_ci DEFAULT NULL,
  `g_q5` enum('yes','no','na') COLLATE utf8mb4_unicode_ci DEFAULT NULL,
  `g_q6` enum('yes','no','na') COLLATE utf8mb4_unicode_ci DEFAULT NULL,
  `g_q7` enum('yes','no','na') COLLATE utf8mb4_unicode_ci DEFAULT NULL,
  `g_comments` text COLLATE utf8mb4_unicode_ci,
  `g_is_conforming` tinyint(1) DEFAULT NULL,
  `h_q1` enum('yes','no','na') COLLATE utf8mb4_unicode_ci DEFAULT NULL,
  `h_q2` enum('yes','no','na') COLLATE utf8mb4_unicode_ci DEFAULT NULL,
  `h_q3` enum('yes','no','na') COLLATE utf8mb4_unicode_ci DEFAULT NULL,
  `h_q4` enum('yes','no','na') COLLATE utf8mb4_unicode_ci DEFAULT NULL,
  `h_q5` enum('yes','no','na') COLLATE utf8mb4_unicode_ci DEFAULT NULL,
  `h_q6` enum('yes','no','na') COLLATE utf8mb4_unicode_ci DEFAULT NULL,
  `h_comments` text COLLATE utf8mb4_unicode_ci,
  `h_is_conforming` tinyint(1) DEFAULT NULL,
  `i_q1` enum('yes','no','na') COLLATE utf8mb4_unicode_ci DEFAULT NULL,
  `i_q2` enum('yes','no','na') COLLATE utf8mb4_unicode_ci DEFAULT NULL,
  `i_q3` enum('yes','no','na') COLLATE utf8mb4_unicode_ci DEFAULT NULL,
  `i_q4` enum('yes','no','na') COLLATE utf8mb4_unicode_ci DEFAULT NULL,
  `i_comments` text COLLATE utf8mb4_unicode_ci,
  `i_is_conforming` tinyint(1) DEFAULT NULL,
  `j_q1` enum('yes','no','na') COLLATE utf8mb4_unicode_ci DEFAULT NULL,
  `j_q2` enum('yes','no','na') COLLATE utf8mb4_unicode_ci DEFAULT NULL,
  `j_q3` enum('yes','no','na') COLLATE utf8mb4_unicode_ci DEFAULT NULL,
  `j_q4` enum('yes','no','na') COLLATE utf8mb4_unicode_ci DEFAULT NULL,
  `j_q5` enum('yes','no','na') COLLATE utf8mb4_unicode_ci DEFAULT NULL,
  `j_q6` enum('yes','no','na') COLLATE utf8mb4_unicode_ci DEFAULT NULL,
  `j_q7` enum('yes','no','na') COLLATE utf8mb4_unicode_ci DEFAULT NULL,
  `j_q8` enum('yes','no','na') COLLATE utf8mb4_unicode_ci DEFAULT NULL,
  `j_q9` enum('yes','no','na') COLLATE utf8mb4_unicode_ci DEFAULT NULL,
  `j_q10` enum('yes','no','na') COLLATE utf8mb4_unicode_ci DEFAULT NULL,
  `j_q11` enum('yes','no','na') COLLATE utf8mb4_unicode_ci DEFAULT NULL,
  `j_q12` enum('yes','no','na') COLLATE utf8mb4_unicode_ci DEFAULT NULL,
  `j_q13` enum('yes','no','na') COLLATE utf8mb4_unicode_ci DEFAULT NULL,
  `j_q14` enum('yes','no','na') COLLATE utf8mb4_unicode_ci DEFAULT NULL,
  `j_q15` enum('yes','no','na') COLLATE utf8mb4_unicode_ci DEFAULT NULL,
  `j_comments` text COLLATE utf8mb4_unicode_ci,
  `j_is_conforming` tinyint(1) DEFAULT NULL,
  `k_q1` enum('yes','no','na') COLLATE utf8mb4_unicode_ci DEFAULT NULL,
  `k_q2` enum('yes','no','na') COLLATE utf8mb4_unicode_ci DEFAULT NULL,
  `k_q3` enum('yes','no','na') COLLATE utf8mb4_unicode_ci DEFAULT NULL,
  `k_q4` enum('yes','no','na') COLLATE utf8mb4_unicode_ci DEFAULT NULL,
  `k_q5` enum('yes','no','na') COLLATE utf8mb4_unicode_ci DEFAULT NULL,
  `k_q6` enum('yes','no','na') COLLATE utf8mb4_unicode_ci DEFAULT NULL,
  `k_q7` enum('yes','no','na') COLLATE utf8mb4_unicode_ci DEFAULT NULL,
  `k_q8` enum('yes','no','na') COLLATE utf8mb4_unicode_ci DEFAULT NULL,
  `k_q9` enum('yes','no','na') COLLATE utf8mb4_unicode_ci DEFAULT NULL,
  `k_q10` enum('yes','no','na') COLLATE utf8mb4_unicode_ci DEFAULT NULL,
  `k_q11` enum('yes','no','na') COLLATE utf8mb4_unicode_ci DEFAULT NULL,
  `k_q12` enum('yes','no','na') COLLATE utf8mb4_unicode_ci DEFAULT NULL,
  `k_q13` enum('yes','no','na') COLLATE utf8mb4_unicode_ci DEFAULT NULL,
  `k_comments` text COLLATE utf8mb4_unicode_ci,
  `k_is_conforming` tinyint(1) DEFAULT NULL,
  `l_q1` enum('yes','no','na') COLLATE utf8mb4_unicode_ci DEFAULT NULL,
  `l_q2` enum('yes','no','na') COLLATE utf8mb4_unicode_ci DEFAULT NULL,
  `l_q3` enum('yes','no','na') COLLATE utf8mb4_unicode_ci DEFAULT NULL,
  `l_q4` enum('yes','no','na') COLLATE utf8mb4_unicode_ci DEFAULT NULL,
  `l_q5` enum('yes','no','na') COLLATE utf8mb4_unicode_ci DEFAULT NULL,
  `l_q6` enum('yes','no','na') COLLATE utf8mb4_unicode_ci DEFAULT NULL,
  `l_q7` enum('yes','no','na') COLLATE utf8mb4_unicode_ci DEFAULT NULL,
  `l_q8` enum('yes','no','na') COLLATE utf8mb4_unicode_ci DEFAULT NULL,
  `l_q9` enum('yes','no','na') COLLATE utf8mb4_unicode_ci DEFAULT NULL,
  `l_q10` enum('yes','no','na') COLLATE utf8mb4_unicode_ci DEFAULT NULL,
  `l_q11` enum('yes','no','na') COLLATE utf8mb4_unicode_ci DEFAULT NULL,
  `l_q12` enum('yes','no','na') COLLATE utf8mb4_unicode_ci DEFAULT NULL,
  `l_q13` enum('yes','no','na') COLLATE utf8mb4_unicode_ci DEFAULT NULL,
  `l_q14` enum('yes','no','na') COLLATE utf8mb4_unicode_ci DEFAULT NULL,
  `l_q15` enum('yes','no','na') COLLATE utf8mb4_unicode_ci DEFAULT NULL,
  `l_q16` enum('yes','no','na') COLLATE utf8mb4_unicode_ci DEFAULT NULL,
  `l_q17` enum('yes','no','na') COLLATE utf8mb4_unicode_ci DEFAULT NULL,
  `l_q18` enum('yes','no','na') COLLATE utf8mb4_unicode_ci DEFAULT NULL,
  `l_q19` enum('yes','no','na') COLLATE utf8mb4_unicode_ci DEFAULT NULL,
  `l_q20` enum('yes','no','na') COLLATE utf8mb4_unicode_ci DEFAULT NULL,
  `l_q21` enum('yes','no','na') COLLATE utf8mb4_unicode_ci DEFAULT NULL,
  `l_q22` enum('yes','no','na') COLLATE utf8mb4_unicode_ci DEFAULT NULL,
  `l_q23` enum('yes','no','na') COLLATE utf8mb4_unicode_ci DEFAULT NULL,
  `l_q24` enum('yes','no','na') COLLATE utf8mb4_unicode_ci DEFAULT NULL,
  `l_q25` enum('yes','no','na') COLLATE utf8mb4_unicode_ci DEFAULT NULL,
  `l_comments` text COLLATE utf8mb4_unicode_ci,
  `l_is_conforming` tinyint(1) DEFAULT NULL,
  `m_q1` enum('yes','no','na') COLLATE utf8mb4_unicode_ci DEFAULT NULL,
  `m_q2` enum('yes','no','na') COLLATE utf8mb4_unicode_ci DEFAULT NULL,
  `m_q3` enum('yes','no','na') COLLATE utf8mb4_unicode_ci DEFAULT NULL,
  `m_q4` enum('yes','no','na') COLLATE utf8mb4_unicode_ci DEFAULT NULL,
  `m_q5` enum('yes','no','na') COLLATE utf8mb4_unicode_ci DEFAULT NULL,
  `m_q6` enum('yes','no','na') COLLATE utf8mb4_unicode_ci DEFAULT NULL,
  `m_q7` enum('yes','no','na') COLLATE utf8mb4_unicode_ci DEFAULT NULL,
  `m_q8` enum('yes','no','na') COLLATE utf8mb4_unicode_ci DEFAULT NULL,
  `m_q9` enum('yes','no','na') COLLATE utf8mb4_unicode_ci DEFAULT NULL,
  `m_q10` enum('yes','no','na') COLLATE utf8mb4_unicode_ci DEFAULT NULL,
  `m_q11` enum('yes','no','na') COLLATE utf8mb4_unicode_ci DEFAULT NULL,
  `m_q12` enum('yes','no','na') COLLATE utf8mb4_unicode_ci DEFAULT NULL,
  `m_q13` enum('yes','no','na') COLLATE utf8mb4_unicode_ci DEFAULT NULL,
  `m_q14` enum('yes','no','na') COLLATE utf8mb4_unicode_ci DEFAULT NULL,
  `m_q15` enum('yes','no','na') COLLATE utf8mb4_unicode_ci DEFAULT NULL,
  `m_q16` enum('yes','no','na') COLLATE utf8mb4_unicode_ci DEFAULT NULL,
  `m_comments` text COLLATE utf8mb4_unicode_ci,
  `m_is_conforming` tinyint(1) DEFAULT NULL,
  `n_q1` enum('yes','no','na') COLLATE utf8mb4_unicode_ci DEFAULT NULL,
  `n_q2` enum('yes','no','na') COLLATE utf8mb4_unicode_ci DEFAULT NULL,
  `n_q3` enum('yes','no','na') COLLATE utf8mb4_unicode_ci DEFAULT NULL,
  `n_q4` enum('yes','no','na') COLLATE utf8mb4_unicode_ci DEFAULT NULL,
  `n_q5` enum('yes','no','na') COLLATE utf8mb4_unicode_ci DEFAULT NULL,
  `n_q6` enum('yes','no','na') COLLATE utf8mb4_unicode_ci DEFAULT NULL,
  `n_q7` enum('yes','no','na') COLLATE utf8mb4_unicode_ci DEFAULT NULL,
  `n_q8` enum('yes','no','na') COLLATE utf8mb4_unicode_ci DEFAULT NULL,
  `n_q9` enum('yes','no','na') COLLATE utf8mb4_unicode_ci DEFAULT NULL,
  `n_q10` enum('yes','no','na') COLLATE utf8mb4_unicode_ci DEFAULT NULL,
  `n_q11` enum('yes','no','na') COLLATE utf8mb4_unicode_ci DEFAULT NULL,
  `n_q12` enum('yes','no','na') COLLATE utf8mb4_unicode_ci DEFAULT NULL,
  `n_q13` enum('yes','no','na') COLLATE utf8mb4_unicode_ci DEFAULT NULL,
  `n_q14` enum('yes','no','na') COLLATE utf8mb4_unicode_ci DEFAULT NULL,
  `n_q15` enum('yes','no','na') COLLATE utf8mb4_unicode_ci DEFAULT NULL,
  `n_q16` enum('yes','no','na') COLLATE utf8mb4_unicode_ci DEFAULT NULL,
  `n_q17` enum('yes','no','na') COLLATE utf8mb4_unicode_ci DEFAULT NULL,
  `n_q18` enum('yes','no','na') COLLATE utf8mb4_unicode_ci DEFAULT NULL,
  `n_q19` enum('yes','no','na') COLLATE utf8mb4_unicode_ci DEFAULT NULL,
  `n_q20` enum('yes','no','na') COLLATE utf8mb4_unicode_ci DEFAULT NULL,
  `n_q21` enum('yes','no','na') COLLATE utf8mb4_unicode_ci DEFAULT NULL,
  `n_q22` enum('yes','no','na') COLLATE utf8mb4_unicode_ci DEFAULT NULL,
  `n_q23` enum('yes','no','na') COLLATE utf8mb4_unicode_ci DEFAULT NULL,
  `n_q24` enum('yes','no','na') COLLATE utf8mb4_unicode_ci DEFAULT NULL,
  `n_q25` enum('yes','no','na') COLLATE utf8mb4_unicode_ci DEFAULT NULL,
  `n_comments` text COLLATE utf8mb4_unicode_ci,
  `n_is_conforming` tinyint(1) DEFAULT NULL,
  `o_q1` enum('yes','no','na') COLLATE utf8mb4_unicode_ci DEFAULT NULL,
  `o_q2` enum('yes','no','na') COLLATE utf8mb4_unicode_ci DEFAULT NULL,
  `o_q3` enum('yes','no','na') COLLATE utf8mb4_unicode_ci DEFAULT NULL,
  `o_q4` enum('yes','no','na') COLLATE utf8mb4_unicode_ci DEFAULT NULL,
  `o_q5` enum('yes','no','na') COLLATE utf8mb4_unicode_ci DEFAULT NULL,
  `o_q6` enum('yes','no','na') COLLATE utf8mb4_unicode_ci DEFAULT NULL,
  `o_q7` enum('yes','no','na') COLLATE utf8mb4_unicode_ci DEFAULT NULL,
  `o_q8` enum('yes','no','na') COLLATE utf8mb4_unicode_ci DEFAULT NULL,
  `o_q9` enum('yes','no','na') COLLATE utf8mb4_unicode_ci DEFAULT NULL,
  `o_q10` enum('yes','no','na') COLLATE utf8mb4_unicode_ci DEFAULT NULL,
  `o_q11` enum('yes','no','na') COLLATE utf8mb4_unicode_ci DEFAULT NULL,
  `o_q12` enum('yes','no','na') COLLATE utf8mb4_unicode_ci DEFAULT NULL,
  `o_comments` text COLLATE utf8mb4_unicode_ci,
  `o_is_conforming` tinyint(1) DEFAULT NULL,
  `created_at` timestamp NULL DEFAULT NULL,
  `updated_at` timestamp NULL DEFAULT NULL,
  PRIMARY KEY (`id`),
  KEY `pro_cl_facility_inspection_inspection_id_index` (`inspection_id`)
) ENGINE=InnoDB AUTO_INCREMENT=4 DEFAULT CHARSET=utf8mb4 COLLATE=utf8mb4_unicode_ci;

-- Listage des données de la table crec_rh_system_db.pro_cl_facility_inspection : ~3 rows (environ)
INSERT INTO `pro_cl_facility_inspection` (`id`, `inspection_id`, `sections_done`, `project_id`, `project_code`, `filled_by`, `a_q1`, `a_q2`, `a_q3`, `a_q4`, `a_q5`, `a_q6`, `a_q7`, `a_q8`, `a_q9`, `a_q10`, `a_q11`, `a_q12`, `a_q13`, `a_q14`, `a_q15`, `a_q16`, `a_q17`, `a_q18`, `a_q19`, `a_q20`, `a_q21`, `a_q22`, `a_q23`, `a_q24`, `a_q25`, `a_q26`, `a_comments`, `a_is_conforming`, `b_q1`, `b_q2`, `b_q3`, `b_q4`, `b_q5`, `b_q6`, `b_q7`, `b_q8`, `b_q9`, `b_q10`, `b_q11`, `b_q12`, `b_q13`, `b_q14`, `b_q15`, `b_comments`, `b_is_conforming`, `c_q1`, `c_q2`, `c_q3`, `c_q4`, `c_q5`, `c_q6`, `c_q7`, `c_q8`, `c_q9`, `c_q10`, `c_q11`, `c_comments`, `c_is_conforming`, `d_q1`, `d_q2`, `d_q3`, `d_q4`, `d_q5`, `d_comments`, `d_is_conforming`, `e_q1`, `e_q2`, `e_q3`, `e_q4`, `e_comments`, `e_is_conforming`, `f_q1`, `f_q2`, `f_q3`, `f_q4`, `f_q5`, `f_q6`, `f_q7`, `f_q8`, `f_q9`, `f_q10`, `f_q11`, `f_q12`, `f_q13`, `f_q14`, `f_q15`, `f_q16`, `f_q17`, `f_q18`, `f_q19`, `f_comments`, `f_is_conforming`, `g_q1`, `g_q2`, `g_q3`, `g_q4`, `g_q5`, `g_q6`, `g_q7`, `g_comments`, `g_is_conforming`, `h_q1`, `h_q2`, `h_q3`, `h_q4`, `h_q5`, `h_q6`, `h_comments`, `h_is_conforming`, `i_q1`, `i_q2`, `i_q3`, `i_q4`, `i_comments`, `i_is_conforming`, `j_q1`, `j_q2`, `j_q3`, `j_q4`, `j_q5`, `j_q6`, `j_q7`, `j_q8`, `j_q9`, `j_q10`, `j_q11`, `j_q12`, `j_q13`, `j_q14`, `j_q15`, `j_comments`, `j_is_conforming`, `k_q1`, `k_q2`, `k_q3`, `k_q4`, `k_q5`, `k_q6`, `k_q7`, `k_q8`, `k_q9`, `k_q10`, `k_q11`, `k_q12`, `k_q13`, `k_comments`, `k_is_conforming`, `l_q1`, `l_q2`, `l_q3`, `l_q4`, `l_q5`, `l_q6`, `l_q7`, `l_q8`, `l_q9`, `l_q10`, `l_q11`, `l_q12`, `l_q13`, `l_q14`, `l_q15`, `l_q16`, `l_q17`, `l_q18`, `l_q19`, `l_q20`, `l_q21`, `l_q22`, `l_q23`, `l_q24`, `l_q25`, `l_comments`, `l_is_conforming`, `m_q1`, `m_q2`, `m_q3`, `m_q4`, `m_q5`, `m_q6`, `m_q7`, `m_q8`, `m_q9`, `m_q10`, `m_q11`, `m_q12`, `m_q13`, `m_q14`, `m_q15`, `m_q16`, `m_comments`, `m_is_conforming`, `n_q1`, `n_q2`, `n_q3`, `n_q4`, `n_q5`, `n_q6`, `n_q7`, `n_q8`, `n_q9`, `n_q10`, `n_q11`, `n_q12`, `n_q13`, `n_q14`, `n_q15`, `n_q16`, `n_q17`, `n_q18`, `n_q19`, `n_q20`, `n_q21`, `n_q22`, `n_q23`, `n_q24`, `n_q25`, `n_comments`, `n_is_conforming`, `o_q1`, `o_q2`, `o_q3`, `o_q4`, `o_q5`, `o_q6`, `o_q7`, `o_q8`, `o_q9`, `o_q10`, `o_q11`, `o_q12`, `o_comments`, `o_is_conforming`, `created_at`, `updated_at`) VALUES
	(1, 16, '["b", "a", "c", "d", "e", "f", "g", "h", "i", "j", "k", "l", "m", "n", "o"]', NULL, NULL, 18, 'yes', 'yes', 'no', 'yes', 'yes', 'no', 'no', 'no', 'yes', 'yes', 'yes', 'yes', 'no', 'yes', 'yes', 'no', 'no', 'yes', 'yes', 'yes', 'yes', 'yes', 'yes', 'yes', 'yes', 'yes', 'dd', NULL, 'yes', 'no', 'yes', 'yes', 'yes', 'yes', 'yes', 'yes', 'yes', 'yes', 'yes', 'yes', 'yes', 'yes', 'yes', NULL, NULL, 'yes', 'yes', 'no', 'no', 'no', 'yes', 'yes', 'yes', 'yes', 'yes', 'yes', NULL, NULL, 'yes', 'yes', 'yes', 'yes', 'yes', NULL, NULL, 'no', 'yes', 'yes', 'yes', NULL, NULL, 'no', 'no', 'no', 'yes', 'yes', 'yes', 'yes', 'yes', 'yes', 'yes', 'yes', 'yes', 'yes', 'yes', 'yes', 'yes', 'yes', 'yes', 'yes', NULL, NULL, 'yes', 'no', 'yes', 'yes', 'yes', 'yes', 'yes', NULL, NULL, 'yes', 'yes', 'yes', 'yes', 'yes', 'yes', NULL, NULL, 'yes', 'yes', 'yes', 'yes', NULL, NULL, 'yes', 'yes', 'yes', 'yes', 'yes', 'yes', 'yes', 'yes', 'yes', 'yes', 'yes', 'yes', 'yes', 'yes', 'yes', NULL, NULL, 'yes', 'yes', 'yes', 'no', 'yes', 'yes', 'yes', 'yes', 'yes', 'yes', 'yes', 'yes', 'yes', NULL, NULL, 'yes', 'yes', 'yes', 'yes', 'yes', 'yes', 'yes', 'yes', 'yes', 'yes', 'yes', 'yes', 'yes', 'yes', 'yes', 'yes', 'yes', 'yes', 'yes', 'yes', 'yes', 'yes', 'yes', 'yes', 'yes', NULL, NULL, 'yes', 'yes', 'yes', 'yes', 'yes', 'yes', 'yes', 'no', 'no', 'yes', 'yes', 'yes', 'no', 'yes', 'yes', 'yes', NULL, NULL, 'no', 'no', 'no', 'yes', 'yes', 'no', 'no', 'yes', 'yes', 'yes', 'yes', 'yes', 'yes', 'yes', 'yes', 'yes', 'yes', 'yes', 'yes', 'yes', 'yes', 'yes', 'yes', 'yes', 'yes', NULL, NULL, 'no', 'no', 'no', 'no', 'yes', 'yes', 'yes', 'yes', 'yes', 'yes', 'yes', 'yes', NULL, NULL, '2026-03-18 09:56:51', '2026-03-18 14:12:00'),
	(2, 19, '["a"]', NULL, NULL, 18, 'yes', 'yes', 'yes', 'yes', 'yes', 'yes', 'no', 'yes', 'yes', 'yes', 'yes', 'yes', 'yes', 'yes', 'yes', 'yes', 'yes', 'yes', 'yes', 'yes', 'yes', 'yes', 'yes', 'yes', 'no', 'no', NULL, NULL, NULL, NULL, NULL, NULL, NULL, NULL, NULL, NULL, NULL, NULL, NULL, NULL, NULL, NULL, NULL, NULL, NULL, NULL, NULL, NULL, NULL, NULL, NULL, NULL, NULL, NULL, NULL, NULL, NULL, NULL, NULL, NULL, NULL, NULL, NULL, NULL, NULL, NULL, NULL, NULL, NULL, NULL, NULL, NULL, NULL, NULL, NULL, NULL, NULL, NULL, NULL, NULL, NULL, NULL, NULL, NULL, NULL, NULL, NULL, NULL, NULL, NULL, NULL, NULL, NULL, NULL, NULL, NULL, NULL, NULL, NULL, NULL, NULL, NULL, NULL, NULL, NULL, NULL, NULL, NULL, NULL, NULL, NULL, NULL, NULL, NULL, NULL, NULL, NULL, NULL, NULL, NULL, NULL, NULL, NULL, NULL, NULL, NULL, NULL, NULL, NULL, NULL, NULL, NULL, NULL, NULL, NULL, NULL, NULL, NULL, NULL, NULL, NULL, NULL, NULL, NULL, NULL, NULL, NULL, NULL, NULL, NULL, NULL, NULL, NULL, NULL, NULL, NULL, NULL, NULL, NULL, NULL, NULL, NULL, NULL, NULL, NULL, NULL, NULL, NULL, NULL, NULL, NULL, NULL, NULL, NULL, NULL, NULL, NULL, NULL, NULL, NULL, NULL, NULL, NULL, NULL, NULL, NULL, NULL, NULL, NULL, NULL, NULL, NULL, NULL, NULL, NULL, NULL, NULL, NULL, NULL, NULL, NULL, NULL, NULL, NULL, NULL, NULL, NULL, NULL, NULL, NULL, NULL, NULL, NULL, NULL, NULL, NULL, NULL, NULL, NULL, NULL, NULL, NULL, NULL, NULL, NULL, NULL, NULL, NULL, NULL, NULL, NULL, NULL, NULL, '2026-03-18 15:07:32', '2026-03-18 15:07:32'),
	(3, 36, '["a", "b", "c", "d", "e", "f", "g", "h", "i", "j", "k", "l", "m", "n", "o"]', NULL, NULL, 18, 'yes', 'yes', 'no', 'yes', 'yes', 'yes', 'yes', 'yes', 'yes', 'yes', 'yes', 'yes', 'yes', 'yes', 'yes', 'yes', 'yes', 'yes', 'yes', 'yes', 'yes', 'yes', 'yes', 'yes', 'yes', 'yes', 'ee', 1, 'yes', 'yes', 'no', 'no', 'no', 'no', 'no', 'no', 'yes', 'yes', 'yes', 'yes', 'yes', 'yes', 'yes', NULL, 1, 'yes', 'yes', 'yes', 'yes', 'yes', 'yes', 'yes', 'yes', 'yes', 'yes', 'yes', NULL, 1, 'yes', 'no', 'no', 'no', 'yes', NULL, 0, 'yes', 'yes', 'no', 'yes', NULL, 0, 'yes', 'yes', 'yes', 'yes', 'yes', 'no', 'no', 'no', 'no', 'no', 'no', 'no', 'yes', 'no', 'no', 'no', 'no', 'no', 'no', NULL, 1, 'yes', 'yes', 'yes', 'yes', 'yes', 'yes', 'yes', NULL, 1, 'yes', 'yes', 'yes', 'yes', 'yes', 'yes', NULL, 1, 'yes', 'no', 'no', 'yes', NULL, 0, 'yes', 'yes', 'no', 'no', 'no', 'no', 'yes', 'na', 'no', 'no', 'na', 'yes', 'no', 'yes', 'yes', NULL, 0, 'yes', 'yes', 'yes', 'yes', 'yes', 'yes', 'yes', 'yes', 'yes', 'no', 'yes', 'yes', 'yes', NULL, 1, 'yes', 'yes', 'no', 'no', 'na', 'na', 'na', 'no', 'no', 'no', 'yes', 'yes', 'yes', 'yes', 'yes', 'no', 'yes', 'yes', 'yes', 'yes', 'yes', 'yes', 'yes', 'yes', 'yes', NULL, 1, 'yes', 'yes', 'yes', 'no', 'no', 'no', 'no', 'yes', 'yes', 'yes', 'yes', 'yes', 'no', 'no', 'no', 'yes', NULL, 1, 'yes', 'yes', 'yes', 'yes', 'no', 'no', 'no', 'no', 'yes', 'yes', 'yes', 'yes', 'yes', 'yes', 'yes', 'yes', 'yes', 'no', 'no', 'no', 'yes', 'yes', 'yes', 'yes', 'yes', NULL, 1, 'no', 'na', 'na', 'no', 'yes', 'yes', 'yes', 'yes', 'no', 'no', 'yes', 'yes', NULL, 1, '2026-03-26 12:48:17', '2026-03-26 13:00:42');

-- Listage de la structure de la table crec_rh_system_db. pro_cl_facility_inspection_cove
CREATE TABLE IF NOT EXISTS `pro_cl_facility_inspection_cove` (
  `id` bigint unsigned NOT NULL AUTO_INCREMENT,
  `inspection_id` bigint unsigned NOT NULL,
  `sections_done` json DEFAULT NULL,
  `project_id` bigint unsigned DEFAULT NULL,
  `project_code` varchar(50) COLLATE utf8mb4_unicode_ci DEFAULT NULL,
  `filled_by` bigint unsigned DEFAULT NULL,
  `a_q1` enum('yes','no','na') COLLATE utf8mb4_unicode_ci DEFAULT NULL,
  `a_comments` text COLLATE utf8mb4_unicode_ci,
  `a_is_conforming` tinyint(1) DEFAULT NULL,
  `b_q1` enum('yes','no','na') COLLATE utf8mb4_unicode_ci DEFAULT NULL,
  `b_q2` enum('yes','no','na') COLLATE utf8mb4_unicode_ci DEFAULT NULL,
  `b_q3` enum('yes','no','na') COLLATE utf8mb4_unicode_ci DEFAULT NULL,
  `b_q4` enum('yes','no','na') COLLATE utf8mb4_unicode_ci DEFAULT NULL,
  `b_q5` enum('yes','no','na') COLLATE utf8mb4_unicode_ci DEFAULT NULL,
  `b_q6` enum('yes','no','na') COLLATE utf8mb4_unicode_ci DEFAULT NULL,
  `b_q7` enum('yes','no','na') COLLATE utf8mb4_unicode_ci DEFAULT NULL,
  `b_q8` enum('yes','no','na') COLLATE utf8mb4_unicode_ci DEFAULT NULL,
  `b_q9` enum('yes','no','na') COLLATE utf8mb4_unicode_ci DEFAULT NULL,
  `b_q10` enum('yes','no','na') COLLATE utf8mb4_unicode_ci DEFAULT NULL,
  `b_q11` enum('yes','no','na') COLLATE utf8mb4_unicode_ci DEFAULT NULL,
  `b_q12` enum('yes','no','na') COLLATE utf8mb4_unicode_ci DEFAULT NULL,
  `b_q13` enum('yes','no','na') COLLATE utf8mb4_unicode_ci DEFAULT NULL,
  `b_q14` enum('yes','no','na') COLLATE utf8mb4_unicode_ci DEFAULT NULL,
  `b_q15` enum('yes','no','na') COLLATE utf8mb4_unicode_ci DEFAULT NULL,
  `b_q16` enum('yes','no','na') COLLATE utf8mb4_unicode_ci DEFAULT NULL,
  `b_q17` enum('yes','no','na') COLLATE utf8mb4_unicode_ci DEFAULT NULL,
  `b_q18` enum('yes','no','na') COLLATE utf8mb4_unicode_ci DEFAULT NULL,
  `b_q19` enum('yes','no','na') COLLATE utf8mb4_unicode_ci DEFAULT NULL,
  `b_q20` enum('yes','no','na') COLLATE utf8mb4_unicode_ci DEFAULT NULL,
  `b_q21` enum('yes','no','na') COLLATE utf8mb4_unicode_ci DEFAULT NULL,
  `b_q22` enum('yes','no','na') COLLATE utf8mb4_unicode_ci DEFAULT NULL,
  `b_q23` enum('yes','no','na') COLLATE utf8mb4_unicode_ci DEFAULT NULL,
  `b_q24` enum('yes','no','na') COLLATE utf8mb4_unicode_ci DEFAULT NULL,
  `b_comments` text COLLATE utf8mb4_unicode_ci,
  `b_is_conforming` tinyint(1) DEFAULT NULL,
  `c_q1` enum('yes','no','na') COLLATE utf8mb4_unicode_ci DEFAULT NULL,
  `c_q2` enum('yes','no','na') COLLATE utf8mb4_unicode_ci DEFAULT NULL,
  `c_q3` enum('yes','no','na') COLLATE utf8mb4_unicode_ci DEFAULT NULL,
  `c_q4` enum('yes','no','na') COLLATE utf8mb4_unicode_ci DEFAULT NULL,
  `c_q5` enum('yes','no','na') COLLATE utf8mb4_unicode_ci DEFAULT NULL,
  `c_q6` enum('yes','no','na') COLLATE utf8mb4_unicode_ci DEFAULT NULL,
  `c_q7` enum('yes','no','na') COLLATE utf8mb4_unicode_ci DEFAULT NULL,
  `c_q8` enum('yes','no','na') COLLATE utf8mb4_unicode_ci DEFAULT NULL,
  `c_q9` enum('yes','no','na') COLLATE utf8mb4_unicode_ci DEFAULT NULL,
  `c_q10` enum('yes','no','na') COLLATE utf8mb4_unicode_ci DEFAULT NULL,
  `c_q11` enum('yes','no','na') COLLATE utf8mb4_unicode_ci DEFAULT NULL,
  `c_q12` enum('yes','no','na') COLLATE utf8mb4_unicode_ci DEFAULT NULL,
  `c_q13` enum('yes','no','na') COLLATE utf8mb4_unicode_ci DEFAULT NULL,
  `c_q14` enum('yes','no','na') COLLATE utf8mb4_unicode_ci DEFAULT NULL,
  `c_q15` enum('yes','no','na') COLLATE utf8mb4_unicode_ci DEFAULT NULL,
  `c_q16` enum('yes','no','na') COLLATE utf8mb4_unicode_ci DEFAULT NULL,
  `c_q17` enum('yes','no','na') COLLATE utf8mb4_unicode_ci DEFAULT NULL,
  `c_q18` enum('yes','no','na') COLLATE utf8mb4_unicode_ci DEFAULT NULL,
  `c_q19` enum('yes','no','na') COLLATE utf8mb4_unicode_ci DEFAULT NULL,
  `c_q20` enum('yes','no','na') COLLATE utf8mb4_unicode_ci DEFAULT NULL,
  `c_q21` enum('yes','no','na') COLLATE utf8mb4_unicode_ci DEFAULT NULL,
  `c_q22` enum('yes','no','na') COLLATE utf8mb4_unicode_ci DEFAULT NULL,
  `c_comments` text COLLATE utf8mb4_unicode_ci,
  `c_is_conforming` tinyint(1) DEFAULT NULL,
  `d_q1` enum('yes','no','na') COLLATE utf8mb4_unicode_ci DEFAULT NULL,
  `d_q2` enum('yes','no','na') COLLATE utf8mb4_unicode_ci DEFAULT NULL,
  `d_q3` enum('yes','no','na') COLLATE utf8mb4_unicode_ci DEFAULT NULL,
  `d_q4` enum('yes','no','na') COLLATE utf8mb4_unicode_ci DEFAULT NULL,
  `d_q5` enum('yes','no','na') COLLATE utf8mb4_unicode_ci DEFAULT NULL,
  `d_q6` enum('yes','no','na') COLLATE utf8mb4_unicode_ci DEFAULT NULL,
  `d_q7` enum('yes','no','na') COLLATE utf8mb4_unicode_ci DEFAULT NULL,
  `d_q8` enum('yes','no','na') COLLATE utf8mb4_unicode_ci DEFAULT NULL,
  `d_q9` enum('yes','no','na') COLLATE utf8mb4_unicode_ci DEFAULT NULL,
  `d_q10` enum('yes','no','na') COLLATE utf8mb4_unicode_ci DEFAULT NULL,
  `d_q11` enum('yes','no','na') COLLATE utf8mb4_unicode_ci DEFAULT NULL,
  `d_q12` enum('yes','no','na') COLLATE utf8mb4_unicode_ci DEFAULT NULL,
  `d_q13` enum('yes','no','na') COLLATE utf8mb4_unicode_ci DEFAULT NULL,
  `d_q14` enum('yes','no','na') COLLATE utf8mb4_unicode_ci DEFAULT NULL,
  `d_q15` enum('yes','no','na') COLLATE utf8mb4_unicode_ci DEFAULT NULL,
  `d_q16` enum('yes','no','na') COLLATE utf8mb4_unicode_ci DEFAULT NULL,
  `d_comments` text COLLATE utf8mb4_unicode_ci,
  `d_is_conforming` tinyint(1) DEFAULT NULL,
  `e_q1` enum('yes','no','na') COLLATE utf8mb4_unicode_ci DEFAULT NULL,
  `e_q2` enum('yes','no','na') COLLATE utf8mb4_unicode_ci DEFAULT NULL,
  `e_q3` enum('yes','no','na') COLLATE utf8mb4_unicode_ci DEFAULT NULL,
  `e_q4` enum('yes','no','na') COLLATE utf8mb4_unicode_ci DEFAULT NULL,
  `e_q5` enum('yes','no','na') COLLATE utf8mb4_unicode_ci DEFAULT NULL,
  `e_q6` enum('yes','no','na') COLLATE utf8mb4_unicode_ci DEFAULT NULL,
  `e_q7` enum('yes','no','na') COLLATE utf8mb4_unicode_ci DEFAULT NULL,
  `e_q8` enum('yes','no','na') COLLATE utf8mb4_unicode_ci DEFAULT NULL,
  `e_q9` enum('yes','no','na') COLLATE utf8mb4_unicode_ci DEFAULT NULL,
  `e_q10` enum('yes','no','na') COLLATE utf8mb4_unicode_ci DEFAULT NULL,
  `e_q11` enum('yes','no','na') COLLATE utf8mb4_unicode_ci DEFAULT NULL,
  `e_q12` enum('yes','no','na') COLLATE utf8mb4_unicode_ci DEFAULT NULL,
  `e_q13` enum('yes','no','na') COLLATE utf8mb4_unicode_ci DEFAULT NULL,
  `e_comments` text COLLATE utf8mb4_unicode_ci,
  `e_is_conforming` tinyint(1) DEFAULT NULL,
  `f_q1` enum('yes','no','na') COLLATE utf8mb4_unicode_ci DEFAULT NULL,
  `f_q2` enum('yes','no','na') COLLATE utf8mb4_unicode_ci DEFAULT NULL,
  `f_q3` enum('yes','no','na') COLLATE utf8mb4_unicode_ci DEFAULT NULL,
  `f_q4` enum('yes','no','na') COLLATE utf8mb4_unicode_ci DEFAULT NULL,
  `f_q5` enum('yes','no','na') COLLATE utf8mb4_unicode_ci DEFAULT NULL,
  `f_q6` enum('yes','no','na') COLLATE utf8mb4_unicode_ci DEFAULT NULL,
  `f_q7` enum('yes','no','na') COLLATE utf8mb4_unicode_ci DEFAULT NULL,
  `f_q8` enum('yes','no','na') COLLATE utf8mb4_unicode_ci DEFAULT NULL,
  `f_q9` enum('yes','no','na') COLLATE utf8mb4_unicode_ci DEFAULT NULL,
  `f_q10` enum('yes','no','na') COLLATE utf8mb4_unicode_ci DEFAULT NULL,
  `f_q11` enum('yes','no','na') COLLATE utf8mb4_unicode_ci DEFAULT NULL,
  `f_q12` enum('yes','no','na') COLLATE utf8mb4_unicode_ci DEFAULT NULL,
  `f_q13` enum('yes','no','na') COLLATE utf8mb4_unicode_ci DEFAULT NULL,
  `f_comments` text COLLATE utf8mb4_unicode_ci,
  `f_is_conforming` tinyint(1) DEFAULT NULL,
  `g_q1` enum('yes','no','na') COLLATE utf8mb4_unicode_ci DEFAULT NULL,
  `g_q2` enum('yes','no','na') COLLATE utf8mb4_unicode_ci DEFAULT NULL,
  `g_q3` enum('yes','no','na') COLLATE utf8mb4_unicode_ci DEFAULT NULL,
  `g_q4` enum('yes','no','na') COLLATE utf8mb4_unicode_ci DEFAULT NULL,
  `g_q5` enum('yes','no','na') COLLATE utf8mb4_unicode_ci DEFAULT NULL,
  `g_q6` enum('yes','no','na') COLLATE utf8mb4_unicode_ci DEFAULT NULL,
  `g_q7` enum('yes','no','na') COLLATE utf8mb4_unicode_ci DEFAULT NULL,
  `g_q8` enum('yes','no','na') COLLATE utf8mb4_unicode_ci DEFAULT NULL,
  `g_q9` enum('yes','no','na') COLLATE utf8mb4_unicode_ci DEFAULT NULL,
  `g_q10` enum('yes','no','na') COLLATE utf8mb4_unicode_ci DEFAULT NULL,
  `g_q11` enum('yes','no','na') COLLATE utf8mb4_unicode_ci DEFAULT NULL,
  `g_q12` enum('yes','no','na') COLLATE utf8mb4_unicode_ci DEFAULT NULL,
  `g_q13` enum('yes','no','na') COLLATE utf8mb4_unicode_ci DEFAULT NULL,
  `g_comments` text COLLATE utf8mb4_unicode_ci,
  `g_is_conforming` tinyint(1) DEFAULT NULL,
  `h_q1` enum('yes','no','na') COLLATE utf8mb4_unicode_ci DEFAULT NULL,
  `h_q2` enum('yes','no','na') COLLATE utf8mb4_unicode_ci DEFAULT NULL,
  `h_q3` enum('yes','no','na') COLLATE utf8mb4_unicode_ci DEFAULT NULL,
  `h_q4` enum('yes','no','na') COLLATE utf8mb4_unicode_ci DEFAULT NULL,
  `h_q5` enum('yes','no','na') COLLATE utf8mb4_unicode_ci DEFAULT NULL,
  `h_q6` enum('yes','no','na') COLLATE utf8mb4_unicode_ci DEFAULT NULL,
  `h_q7` enum('yes','no','na') COLLATE utf8mb4_unicode_ci DEFAULT NULL,
  `h_q8` enum('yes','no','na') COLLATE utf8mb4_unicode_ci DEFAULT NULL,
  `h_q9` enum('yes','no','na') COLLATE utf8mb4_unicode_ci DEFAULT NULL,
  `h_q10` enum('yes','no','na') COLLATE utf8mb4_unicode_ci DEFAULT NULL,
  `h_q11` enum('yes','no','na') COLLATE utf8mb4_unicode_ci DEFAULT NULL,
  `h_q12` enum('yes','no','na') COLLATE utf8mb4_unicode_ci DEFAULT NULL,
  `h_q13` enum('yes','no','na') COLLATE utf8mb4_unicode_ci DEFAULT NULL,
  `h_q14` enum('yes','no','na') COLLATE utf8mb4_unicode_ci DEFAULT NULL,
  `h_q15` enum('yes','no','na') COLLATE utf8mb4_unicode_ci DEFAULT NULL,
  `h_q16` enum('yes','no','na') COLLATE utf8mb4_unicode_ci DEFAULT NULL,
  `h_q17` enum('yes','no','na') COLLATE utf8mb4_unicode_ci DEFAULT NULL,
  `h_q18` enum('yes','no','na') COLLATE utf8mb4_unicode_ci DEFAULT NULL,
  `h_q19` enum('yes','no','na') COLLATE utf8mb4_unicode_ci DEFAULT NULL,
  `h_q20` enum('yes','no','na') COLLATE utf8mb4_unicode_ci DEFAULT NULL,
  `h_q21` enum('yes','no','na') COLLATE utf8mb4_unicode_ci DEFAULT NULL,
  `h_q22` enum('yes','no','na') COLLATE utf8mb4_unicode_ci DEFAULT NULL,
  `h_q23` enum('yes','no','na') COLLATE utf8mb4_unicode_ci DEFAULT NULL,
  `h_q24` enum('yes','no','na') COLLATE utf8mb4_unicode_ci DEFAULT NULL,
  `h_q25` enum('yes','no','na') COLLATE utf8mb4_unicode_ci DEFAULT NULL,
  `h_comments` text COLLATE utf8mb4_unicode_ci,
  `h_is_conforming` tinyint(1) DEFAULT NULL,
  `i_q1` enum('yes','no','na') COLLATE utf8mb4_unicode_ci DEFAULT NULL,
  `i_q2` enum('yes','no','na') COLLATE utf8mb4_unicode_ci DEFAULT NULL,
  `i_q3` enum('yes','no','na') COLLATE utf8mb4_unicode_ci DEFAULT NULL,
  `i_q4` enum('yes','no','na') COLLATE utf8mb4_unicode_ci DEFAULT NULL,
  `i_q5` enum('yes','no','na') COLLATE utf8mb4_unicode_ci DEFAULT NULL,
  `i_q6` enum('yes','no','na') COLLATE utf8mb4_unicode_ci DEFAULT NULL,
  `i_q7` enum('yes','no','na') COLLATE utf8mb4_unicode_ci DEFAULT NULL,
  `i_q8` enum('yes','no','na') COLLATE utf8mb4_unicode_ci DEFAULT NULL,
  `i_q9` enum('yes','no','na') COLLATE utf8mb4_unicode_ci DEFAULT NULL,
  `i_q10` enum('yes','no','na') COLLATE utf8mb4_unicode_ci DEFAULT NULL,
  `i_q11` enum('yes','no','na') COLLATE utf8mb4_unicode_ci DEFAULT NULL,
  `i_q12` enum('yes','no','na') COLLATE utf8mb4_unicode_ci DEFAULT NULL,
  `i_comments` text COLLATE utf8mb4_unicode_ci,
  `i_is_conforming` tinyint(1) DEFAULT NULL,
  `created_at` timestamp NULL DEFAULT NULL,
  `updated_at` timestamp NULL DEFAULT NULL,
  PRIMARY KEY (`id`)
) ENGINE=InnoDB AUTO_INCREMENT=2 DEFAULT CHARSET=utf8mb4 COLLATE=utf8mb4_unicode_ci;

-- Listage des données de la table crec_rh_system_db.pro_cl_facility_inspection_cove : ~1 rows (environ)
INSERT INTO `pro_cl_facility_inspection_cove` (`id`, `inspection_id`, `sections_done`, `project_id`, `project_code`, `filled_by`, `a_q1`, `a_comments`, `a_is_conforming`, `b_q1`, `b_q2`, `b_q3`, `b_q4`, `b_q5`, `b_q6`, `b_q7`, `b_q8`, `b_q9`, `b_q10`, `b_q11`, `b_q12`, `b_q13`, `b_q14`, `b_q15`, `b_q16`, `b_q17`, `b_q18`, `b_q19`, `b_q20`, `b_q21`, `b_q22`, `b_q23`, `b_q24`, `b_comments`, `b_is_conforming`, `c_q1`, `c_q2`, `c_q3`, `c_q4`, `c_q5`, `c_q6`, `c_q7`, `c_q8`, `c_q9`, `c_q10`, `c_q11`, `c_q12`, `c_q13`, `c_q14`, `c_q15`, `c_q16`, `c_q17`, `c_q18`, `c_q19`, `c_q20`, `c_q21`, `c_q22`, `c_comments`, `c_is_conforming`, `d_q1`, `d_q2`, `d_q3`, `d_q4`, `d_q5`, `d_q6`, `d_q7`, `d_q8`, `d_q9`, `d_q10`, `d_q11`, `d_q12`, `d_q13`, `d_q14`, `d_q15`, `d_q16`, `d_comments`, `d_is_conforming`, `e_q1`, `e_q2`, `e_q3`, `e_q4`, `e_q5`, `e_q6`, `e_q7`, `e_q8`, `e_q9`, `e_q10`, `e_q11`, `e_q12`, `e_q13`, `e_comments`, `e_is_conforming`, `f_q1`, `f_q2`, `f_q3`, `f_q4`, `f_q5`, `f_q6`, `f_q7`, `f_q8`, `f_q9`, `f_q10`, `f_q11`, `f_q12`, `f_q13`, `f_comments`, `f_is_conforming`, `g_q1`, `g_q2`, `g_q3`, `g_q4`, `g_q5`, `g_q6`, `g_q7`, `g_q8`, `g_q9`, `g_q10`, `g_q11`, `g_q12`, `g_q13`, `g_comments`, `g_is_conforming`, `h_q1`, `h_q2`, `h_q3`, `h_q4`, `h_q5`, `h_q6`, `h_q7`, `h_q8`, `h_q9`, `h_q10`, `h_q11`, `h_q12`, `h_q13`, `h_q14`, `h_q15`, `h_q16`, `h_q17`, `h_q18`, `h_q19`, `h_q20`, `h_q21`, `h_q22`, `h_q23`, `h_q24`, `h_q25`, `h_comments`, `h_is_conforming`, `i_q1`, `i_q2`, `i_q3`, `i_q4`, `i_q5`, `i_q6`, `i_q7`, `i_q8`, `i_q9`, `i_q10`, `i_q11`, `i_q12`, `i_comments`, `i_is_conforming`, `created_at`, `updated_at`) VALUES
	(1, 17, '["a", "b", "c", "d", "e", "f", "g", "h", "i"]', NULL, NULL, 18, 'yes', NULL, NULL, 'yes', 'yes', 'yes', 'yes', 'yes', 'yes', 'yes', 'yes', 'yes', 'yes', 'yes', 'yes', 'yes', 'yes', 'yes', 'yes', 'yes', 'yes', 'yes', 'yes', 'yes', 'yes', 'yes', 'yes', NULL, NULL, 'yes', 'no', 'yes', 'yes', 'yes', 'yes', 'yes', 'yes', 'yes', 'yes', 'yes', 'yes', 'yes', 'yes', 'yes', 'yes', 'yes', 'yes', 'yes', 'yes', 'yes', 'yes', NULL, NULL, 'yes', 'no', 'no', 'no', 'no', 'no', 'yes', 'yes', 'no', 'no', 'no', 'yes', 'yes', 'no', 'no', 'no', NULL, NULL, 'yes', 'yes', 'yes', 'no', 'no', 'no', 'no', 'no', 'yes', 'yes', 'yes', 'no', 'no', NULL, NULL, 'yes', 'yes', 'no', 'no', 'yes', 'yes', 'no', 'no', 'yes', 'yes', 'yes', 'yes', 'yes', NULL, NULL, 'yes', 'yes', 'yes', 'no', 'no', 'na', 'na', 'na', 'no', 'yes', 'yes', 'yes', 'yes', NULL, NULL, 'yes', 'yes', 'yes', 'yes', 'yes', 'no', 'no', 'no', 'yes', 'yes', 'yes', 'yes', 'yes', 'yes', 'yes', 'yes', 'yes', 'no', 'yes', 'no', 'no', 'yes', 'no', 'no', 'yes', NULL, NULL, 'yes', 'yes', 'yes', 'yes', 'yes', 'yes', 'yes', 'yes', 'yes', 'no', 'no', 'no', NULL, NULL, '2026-03-18 12:15:24', '2026-03-18 14:07:23');

-- Listage de la structure de la table crec_rh_system_db. pro_cl_irs_treatment
CREATE TABLE IF NOT EXISTS `pro_cl_irs_treatment` (
  `id` bigint unsigned NOT NULL AUTO_INCREMENT,
  `project_id` bigint unsigned NOT NULL,
  `project_code` varchar(50) COLLATE utf8mb4_unicode_ci DEFAULT NULL,
  `inspection_id` bigint unsigned NOT NULL,
  `q1` enum('yes','no','na') COLLATE utf8mb4_unicode_ci DEFAULT NULL,
  `q2` enum('yes','no','na') COLLATE utf8mb4_unicode_ci DEFAULT NULL,
  `q3` enum('yes','no','na') COLLATE utf8mb4_unicode_ci DEFAULT NULL,
  `q4` enum('yes','no','na') COLLATE utf8mb4_unicode_ci DEFAULT NULL,
  `q5` enum('yes','no','na') COLLATE utf8mb4_unicode_ci DEFAULT NULL,
  `q6` enum('yes','no','na') COLLATE utf8mb4_unicode_ci DEFAULT NULL,
  `q7` enum('yes','no','na') COLLATE utf8mb4_unicode_ci DEFAULT NULL,
  `q8` enum('yes','no','na') COLLATE utf8mb4_unicode_ci DEFAULT NULL,
  `q9` enum('yes','no','na') COLLATE utf8mb4_unicode_ci DEFAULT NULL,
  `q10` enum('yes','no','na') COLLATE utf8mb4_unicode_ci DEFAULT NULL,
  `q11` enum('yes','no','na') COLLATE utf8mb4_unicode_ci DEFAULT NULL,
  `q12` enum('yes','no','na') COLLATE utf8mb4_unicode_ci DEFAULT NULL,
  `q13` enum('yes','no','na') COLLATE utf8mb4_unicode_ci DEFAULT NULL,
  `comments` text COLLATE utf8mb4_unicode_ci,
  `is_conforming` tinyint(1) DEFAULT NULL,
  `filled_by` bigint unsigned DEFAULT NULL,
  `created_at` timestamp NULL DEFAULT NULL,
  `updated_at` timestamp NULL DEFAULT NULL,
  PRIMARY KEY (`id`)
) ENGINE=InnoDB DEFAULT CHARSET=utf8mb4 COLLATE=utf8mb4_unicode_ci;

-- Listage des données de la table crec_rh_system_db.pro_cl_irs_treatment : ~0 rows (environ)

-- Listage de la structure de la table crec_rh_system_db. pro_cl_irs_trial
CREATE TABLE IF NOT EXISTS `pro_cl_irs_trial` (
  `id` bigint unsigned NOT NULL AUTO_INCREMENT,
  `project_id` bigint unsigned NOT NULL,
  `project_code` varchar(50) COLLATE utf8mb4_unicode_ci DEFAULT NULL,
  `inspection_id` bigint unsigned NOT NULL,
  `q1` enum('yes','no','na') COLLATE utf8mb4_unicode_ci DEFAULT NULL,
  `q2` enum('yes','no','na') COLLATE utf8mb4_unicode_ci DEFAULT NULL,
  `q3` enum('yes','no','na') COLLATE utf8mb4_unicode_ci DEFAULT NULL,
  `q4` enum('yes','no','na') COLLATE utf8mb4_unicode_ci DEFAULT NULL,
  `q5` enum('yes','no','na') COLLATE utf8mb4_unicode_ci DEFAULT NULL,
  `q6` enum('yes','no','na') COLLATE utf8mb4_unicode_ci DEFAULT NULL,
  `q7` enum('yes','no','na') COLLATE utf8mb4_unicode_ci DEFAULT NULL,
  `q8` enum('yes','no','na') COLLATE utf8mb4_unicode_ci DEFAULT NULL,
  `q9` enum('yes','no','na') COLLATE utf8mb4_unicode_ci DEFAULT NULL,
  `q10` enum('yes','no','na') COLLATE utf8mb4_unicode_ci DEFAULT NULL,
  `q11` enum('yes','no','na') COLLATE utf8mb4_unicode_ci DEFAULT NULL,
  `q12` enum('yes','no','na') COLLATE utf8mb4_unicode_ci DEFAULT NULL,
  `q13` enum('yes','no','na') COLLATE utf8mb4_unicode_ci DEFAULT NULL,
  `q14` enum('yes','no','na') COLLATE utf8mb4_unicode_ci DEFAULT NULL,
  `comments` text COLLATE utf8mb4_unicode_ci,
  `is_conforming` tinyint(1) DEFAULT NULL,
  `filled_by` bigint unsigned DEFAULT NULL,
  `created_at` timestamp NULL DEFAULT NULL,
  `updated_at` timestamp NULL DEFAULT NULL,
  PRIMARY KEY (`id`)
) ENGINE=InnoDB AUTO_INCREMENT=2 DEFAULT CHARSET=utf8mb4 COLLATE=utf8mb4_unicode_ci;

-- Listage des données de la table crec_rh_system_db.pro_cl_irs_trial : ~1 rows (environ)
INSERT INTO `pro_cl_irs_trial` (`id`, `project_id`, `project_code`, `inspection_id`, `q1`, `q2`, `q3`, `q4`, `q5`, `q6`, `q7`, `q8`, `q9`, `q10`, `q11`, `q12`, `q13`, `q14`, `comments`, `is_conforming`, `filled_by`, `created_at`, `updated_at`) VALUES
	(1, 19, '25-11/BD', 24, 'yes', 'yes', 'yes', 'yes', 'yes', 'yes', 'yes', 'yes', 'yes', 'yes', 'yes', 'yes', 'yes', 'yes', 'e', 1, 18, '2026-03-24 14:35:14', '2026-03-24 14:53:36');

-- Listage de la structure de la table crec_rh_system_db. pro_cl_llin_exp_huts
CREATE TABLE IF NOT EXISTS `pro_cl_llin_exp_huts` (
  `id` bigint unsigned NOT NULL AUTO_INCREMENT,
  `project_id` bigint unsigned NOT NULL,
  `project_code` varchar(50) COLLATE utf8mb4_unicode_ci DEFAULT NULL,
  `inspection_id` bigint unsigned NOT NULL,
  `q1` enum('yes','no','na') COLLATE utf8mb4_unicode_ci DEFAULT NULL,
  `q2` enum('yes','no','na') COLLATE utf8mb4_unicode_ci DEFAULT NULL,
  `q3` enum('yes','no','na') COLLATE utf8mb4_unicode_ci DEFAULT NULL,
  `q4` enum('yes','no','na') COLLATE utf8mb4_unicode_ci DEFAULT NULL,
  `q5` enum('yes','no','na') COLLATE utf8mb4_unicode_ci DEFAULT NULL,
  `q6` enum('yes','no','na') COLLATE utf8mb4_unicode_ci DEFAULT NULL,
  `q7` enum('yes','no','na') COLLATE utf8mb4_unicode_ci DEFAULT NULL,
  `q8` enum('yes','no','na') COLLATE utf8mb4_unicode_ci DEFAULT NULL,
  `q9` enum('yes','no','na') COLLATE utf8mb4_unicode_ci DEFAULT NULL,
  `q10` enum('yes','no','na') COLLATE utf8mb4_unicode_ci DEFAULT NULL,
  `q11` enum('yes','no','na') COLLATE utf8mb4_unicode_ci DEFAULT NULL,
  `q12` enum('yes','no','na') COLLATE utf8mb4_unicode_ci DEFAULT NULL,
  `q13` enum('yes','no','na') COLLATE utf8mb4_unicode_ci DEFAULT NULL,
  `q14` enum('yes','no','na') COLLATE utf8mb4_unicode_ci DEFAULT NULL,
  `q15` enum('yes','no','na') COLLATE utf8mb4_unicode_ci DEFAULT NULL,
  `q16` enum('yes','no','na') COLLATE utf8mb4_unicode_ci DEFAULT NULL,
  `q17` enum('yes','no','na') COLLATE utf8mb4_unicode_ci DEFAULT NULL,
  `q18` enum('yes','no','na') COLLATE utf8mb4_unicode_ci DEFAULT NULL,
  `q19` enum('yes','no','na') COLLATE utf8mb4_unicode_ci DEFAULT NULL,
  `q20` enum('yes','no','na') COLLATE utf8mb4_unicode_ci DEFAULT NULL,
  `comments` text COLLATE utf8mb4_unicode_ci,
  `is_conforming` tinyint(1) DEFAULT NULL,
  `filled_by` bigint unsigned DEFAULT NULL,
  `created_at` timestamp NULL DEFAULT NULL,
  `updated_at` timestamp NULL DEFAULT NULL,
  PRIMARY KEY (`id`)
) ENGINE=InnoDB AUTO_INCREMENT=3 DEFAULT CHARSET=utf8mb4 COLLATE=utf8mb4_unicode_ci;

-- Listage des données de la table crec_rh_system_db.pro_cl_llin_exp_huts : ~2 rows (environ)
INSERT INTO `pro_cl_llin_exp_huts` (`id`, `project_id`, `project_code`, `inspection_id`, `q1`, `q2`, `q3`, `q4`, `q5`, `q6`, `q7`, `q8`, `q9`, `q10`, `q11`, `q12`, `q13`, `q14`, `q15`, `q16`, `q17`, `q18`, `q19`, `q20`, `comments`, `is_conforming`, `filled_by`, `created_at`, `updated_at`) VALUES
	(1, 3, '24-03', 6, 'no', 'yes', 'yes', 'yes', 'no', 'yes', 'yes', 'yes', 'yes', 'yes', 'yes', 'yes', 'yes', 'no', 'yes', 'yes', 'yes', 'yes', 'yes', 'no', 'C\'est bon', NULL, 18, '2026-02-25 15:41:58', '2026-03-19 14:43:18'),
	(2, 1, '24-01', 23, 'yes', 'yes', 'yes', 'yes', 'yes', 'yes', 'yes', 'yes', 'yes', 'yes', 'yes', 'no', 'no', 'yes', 'yes', 'yes', 'yes', 'yes', 'yes', 'yes', 'f', 1, 18, '2026-03-23 15:24:22', '2026-03-23 15:24:22');

-- Listage de la structure de la table crec_rh_system_db. pro_cl_llin_washing
CREATE TABLE IF NOT EXISTS `pro_cl_llin_washing` (
  `id` bigint unsigned NOT NULL AUTO_INCREMENT,
  `project_id` bigint unsigned NOT NULL,
  `project_code` varchar(50) COLLATE utf8mb4_unicode_ci DEFAULT NULL,
  `inspection_id` bigint unsigned NOT NULL,
  `q1` enum('yes','no','na') COLLATE utf8mb4_unicode_ci DEFAULT NULL,
  `q2` enum('yes','no','na') COLLATE utf8mb4_unicode_ci DEFAULT NULL,
  `q3` enum('yes','no','na') COLLATE utf8mb4_unicode_ci DEFAULT NULL,
  `q4` enum('yes','no','na') COLLATE utf8mb4_unicode_ci DEFAULT NULL,
  `q5` enum('yes','no','na') COLLATE utf8mb4_unicode_ci DEFAULT NULL,
  `q6` enum('yes','no','na') COLLATE utf8mb4_unicode_ci DEFAULT NULL,
  `q7` enum('yes','no','na') COLLATE utf8mb4_unicode_ci DEFAULT NULL,
  `q8` enum('yes','no','na') COLLATE utf8mb4_unicode_ci DEFAULT NULL,
  `q9` enum('yes','no','na') COLLATE utf8mb4_unicode_ci DEFAULT NULL,
  `q10` enum('yes','no','na') COLLATE utf8mb4_unicode_ci DEFAULT NULL,
  `comments` text COLLATE utf8mb4_unicode_ci,
  `is_conforming` tinyint(1) DEFAULT NULL,
  `filled_by` bigint unsigned DEFAULT NULL,
  `created_at` timestamp NULL DEFAULT NULL,
  `updated_at` timestamp NULL DEFAULT NULL,
  PRIMARY KEY (`id`)
) ENGINE=InnoDB AUTO_INCREMENT=2 DEFAULT CHARSET=utf8mb4 COLLATE=utf8mb4_unicode_ci;

-- Listage des données de la table crec_rh_system_db.pro_cl_llin_washing : ~1 rows (environ)
INSERT INTO `pro_cl_llin_washing` (`id`, `project_id`, `project_code`, `inspection_id`, `q1`, `q2`, `q3`, `q4`, `q5`, `q6`, `q7`, `q8`, `q9`, `q10`, `comments`, `is_conforming`, `filled_by`, `created_at`, `updated_at`) VALUES
	(1, 3, '24-03', 5, 'yes', 'no', 'yes', 'yes', 'yes', 'no', 'no', 'no', 'no', 'no', 'd', NULL, 18, '2026-02-25 15:50:37', '2026-02-25 15:50:37');

-- Listage de la structure de la table crec_rh_system_db. pro_cl_process_inspection
CREATE TABLE IF NOT EXISTS `pro_cl_process_inspection` (
  `id` bigint unsigned NOT NULL AUTO_INCREMENT,
  `inspection_id` int DEFAULT NULL,
  `filled_by` int DEFAULT NULL,
  `a_q1` varchar(10) COLLATE utf8mb4_unicode_ci DEFAULT NULL,
  `a_q2` varchar(10) COLLATE utf8mb4_unicode_ci DEFAULT NULL,
  `a_q3` varchar(10) COLLATE utf8mb4_unicode_ci DEFAULT NULL,
  `a_q4` varchar(10) COLLATE utf8mb4_unicode_ci DEFAULT NULL,
  `a_q5` varchar(10) COLLATE utf8mb4_unicode_ci DEFAULT NULL,
  `a_q6` varchar(10) COLLATE utf8mb4_unicode_ci DEFAULT NULL,
  `a_q7` varchar(10) COLLATE utf8mb4_unicode_ci DEFAULT NULL,
  `a_q8` varchar(10) COLLATE utf8mb4_unicode_ci DEFAULT NULL,
  `a_q9` varchar(10) COLLATE utf8mb4_unicode_ci DEFAULT NULL,
  `a_q10` varchar(10) COLLATE utf8mb4_unicode_ci DEFAULT NULL,
  `a_q11` varchar(10) COLLATE utf8mb4_unicode_ci DEFAULT NULL,
  `a_q12` varchar(10) COLLATE utf8mb4_unicode_ci DEFAULT NULL,
  `a_q13` varchar(10) COLLATE utf8mb4_unicode_ci DEFAULT NULL,
  `a_q14` varchar(10) COLLATE utf8mb4_unicode_ci DEFAULT NULL,
  `a_q15` varchar(10) COLLATE utf8mb4_unicode_ci DEFAULT NULL,
  `a_q16` varchar(10) COLLATE utf8mb4_unicode_ci DEFAULT NULL,
  `a_q17` varchar(10) COLLATE utf8mb4_unicode_ci DEFAULT NULL,
  `a_q18` varchar(10) COLLATE utf8mb4_unicode_ci DEFAULT NULL,
  `a_q19` varchar(10) COLLATE utf8mb4_unicode_ci DEFAULT NULL,
  `a_q20` varchar(10) COLLATE utf8mb4_unicode_ci DEFAULT NULL,
  `a_q21` varchar(10) COLLATE utf8mb4_unicode_ci DEFAULT NULL,
  `a_q22` varchar(10) COLLATE utf8mb4_unicode_ci DEFAULT NULL,
  `a_q23` varchar(10) COLLATE utf8mb4_unicode_ci DEFAULT NULL,
  `a_q24` varchar(10) COLLATE utf8mb4_unicode_ci DEFAULT NULL,
  `a_comments` text COLLATE utf8mb4_unicode_ci,
  `a_is_conforming` tinyint(1) DEFAULT NULL,
  `b_q1` varchar(10) COLLATE utf8mb4_unicode_ci DEFAULT NULL,
  `b_q2` varchar(10) COLLATE utf8mb4_unicode_ci DEFAULT NULL,
  `b_q3` varchar(10) COLLATE utf8mb4_unicode_ci DEFAULT NULL,
  `b_q4` varchar(10) COLLATE utf8mb4_unicode_ci DEFAULT NULL,
  `b_q5` varchar(10) COLLATE utf8mb4_unicode_ci DEFAULT NULL,
  `b_q6` varchar(10) COLLATE utf8mb4_unicode_ci DEFAULT NULL,
  `b_q7` varchar(10) COLLATE utf8mb4_unicode_ci DEFAULT NULL,
  `b_q8` varchar(10) COLLATE utf8mb4_unicode_ci DEFAULT NULL,
  `b_q9` varchar(10) COLLATE utf8mb4_unicode_ci DEFAULT NULL,
  `b_q10` varchar(10) COLLATE utf8mb4_unicode_ci DEFAULT NULL,
  `b_q11` varchar(10) COLLATE utf8mb4_unicode_ci DEFAULT NULL,
  `b_q12` varchar(10) COLLATE utf8mb4_unicode_ci DEFAULT NULL,
  `b_q13` varchar(10) COLLATE utf8mb4_unicode_ci DEFAULT NULL,
  `b_q14` varchar(10) COLLATE utf8mb4_unicode_ci DEFAULT NULL,
  `b_q15` varchar(10) COLLATE utf8mb4_unicode_ci DEFAULT NULL,
  `b_q16` varchar(10) COLLATE utf8mb4_unicode_ci DEFAULT NULL,
  `b_q17` varchar(10) COLLATE utf8mb4_unicode_ci DEFAULT NULL,
  `b_q18` varchar(10) COLLATE utf8mb4_unicode_ci DEFAULT NULL,
  `b_q19` varchar(10) COLLATE utf8mb4_unicode_ci DEFAULT NULL,
  `b_q20` varchar(10) COLLATE utf8mb4_unicode_ci DEFAULT NULL,
  `b_comments` text COLLATE utf8mb4_unicode_ci,
  `b_is_conforming` tinyint(1) DEFAULT NULL,
  `c_q1` varchar(10) COLLATE utf8mb4_unicode_ci DEFAULT NULL,
  `c_q2` varchar(10) COLLATE utf8mb4_unicode_ci DEFAULT NULL,
  `c_q3` varchar(10) COLLATE utf8mb4_unicode_ci DEFAULT NULL,
  `c_q4` varchar(10) COLLATE utf8mb4_unicode_ci DEFAULT NULL,
  `c_q5` varchar(10) COLLATE utf8mb4_unicode_ci DEFAULT NULL,
  `c_q6` varchar(10) COLLATE utf8mb4_unicode_ci DEFAULT NULL,
  `c_q7` varchar(10) COLLATE utf8mb4_unicode_ci DEFAULT NULL,
  `c_q8` varchar(10) COLLATE utf8mb4_unicode_ci DEFAULT NULL,
  `c_q9` varchar(10) COLLATE utf8mb4_unicode_ci DEFAULT NULL,
  `c_q10` varchar(10) COLLATE utf8mb4_unicode_ci DEFAULT NULL,
  `c_q11` varchar(10) COLLATE utf8mb4_unicode_ci DEFAULT NULL,
  `c_q12` varchar(10) COLLATE utf8mb4_unicode_ci DEFAULT NULL,
  `c_q13` varchar(10) COLLATE utf8mb4_unicode_ci DEFAULT NULL,
  `c_q14` varchar(10) COLLATE utf8mb4_unicode_ci DEFAULT NULL,
  `c_q15` varchar(10) COLLATE utf8mb4_unicode_ci DEFAULT NULL,
  `c_q16` varchar(10) COLLATE utf8mb4_unicode_ci DEFAULT NULL,
  `c_q17` varchar(10) COLLATE utf8mb4_unicode_ci DEFAULT NULL,
  `c_q18` varchar(10) COLLATE utf8mb4_unicode_ci DEFAULT NULL,
  `c_q19` varchar(10) COLLATE utf8mb4_unicode_ci DEFAULT NULL,
  `c_q20` varchar(10) COLLATE utf8mb4_unicode_ci DEFAULT NULL,
  `c_q21` varchar(10) COLLATE utf8mb4_unicode_ci DEFAULT NULL,
  `c_q22` varchar(10) COLLATE utf8mb4_unicode_ci DEFAULT NULL,
  `c_q23` varchar(10) COLLATE utf8mb4_unicode_ci DEFAULT NULL,
  `c_q24` varchar(10) COLLATE utf8mb4_unicode_ci DEFAULT NULL,
  `c_q25` varchar(10) COLLATE utf8mb4_unicode_ci DEFAULT NULL,
  `c_q26` varchar(10) COLLATE utf8mb4_unicode_ci DEFAULT NULL,
  `c_q27` varchar(10) COLLATE utf8mb4_unicode_ci DEFAULT NULL,
  `c_q28` varchar(10) COLLATE utf8mb4_unicode_ci DEFAULT NULL,
  `c_q29` varchar(10) COLLATE utf8mb4_unicode_ci DEFAULT NULL,
  `c_q30` varchar(10) COLLATE utf8mb4_unicode_ci DEFAULT NULL,
  `c_q31` varchar(10) COLLATE utf8mb4_unicode_ci DEFAULT NULL,
  `c_comments` text COLLATE utf8mb4_unicode_ci,
  `c_is_conforming` tinyint(1) DEFAULT NULL,
  `d_q1` varchar(10) COLLATE utf8mb4_unicode_ci DEFAULT NULL,
  `d_q2` varchar(10) COLLATE utf8mb4_unicode_ci DEFAULT NULL,
  `d_q3` varchar(10) COLLATE utf8mb4_unicode_ci DEFAULT NULL,
  `d_q4` varchar(10) COLLATE utf8mb4_unicode_ci DEFAULT NULL,
  `d_q5` varchar(10) COLLATE utf8mb4_unicode_ci DEFAULT NULL,
  `d_q6` varchar(10) COLLATE utf8mb4_unicode_ci DEFAULT NULL,
  `d_q7` varchar(10) COLLATE utf8mb4_unicode_ci DEFAULT NULL,
  `d_q8` varchar(10) COLLATE utf8mb4_unicode_ci DEFAULT NULL,
  `d_q9` varchar(10) COLLATE utf8mb4_unicode_ci DEFAULT NULL,
  `d_q10` varchar(10) COLLATE utf8mb4_unicode_ci DEFAULT NULL,
  `d_q11` varchar(10) COLLATE utf8mb4_unicode_ci DEFAULT NULL,
  `d_q12` varchar(10) COLLATE utf8mb4_unicode_ci DEFAULT NULL,
  `d_q13` varchar(10) COLLATE utf8mb4_unicode_ci DEFAULT NULL,
  `d_q14` varchar(10) COLLATE utf8mb4_unicode_ci DEFAULT NULL,
  `d_q15` varchar(10) COLLATE utf8mb4_unicode_ci DEFAULT NULL,
  `d_q16` varchar(10) COLLATE utf8mb4_unicode_ci DEFAULT NULL,
  `d_q17` varchar(10) COLLATE utf8mb4_unicode_ci DEFAULT NULL,
  `d_q18` varchar(10) COLLATE utf8mb4_unicode_ci DEFAULT NULL,
  `d_q19` varchar(10) COLLATE utf8mb4_unicode_ci DEFAULT NULL,
  `d_q20` varchar(10) COLLATE utf8mb4_unicode_ci DEFAULT NULL,
  `d_q21` varchar(10) COLLATE utf8mb4_unicode_ci DEFAULT NULL,
  `d_q22` varchar(10) COLLATE utf8mb4_unicode_ci DEFAULT NULL,
  `d_q23` varchar(10) COLLATE utf8mb4_unicode_ci DEFAULT NULL,
  `d_q24` varchar(10) COLLATE utf8mb4_unicode_ci DEFAULT NULL,
  `d_q25` varchar(10) COLLATE utf8mb4_unicode_ci DEFAULT NULL,
  `d_comments` text COLLATE utf8mb4_unicode_ci,
  `d_is_conforming` tinyint(1) DEFAULT NULL,
  `e_q1` varchar(10) COLLATE utf8mb4_unicode_ci DEFAULT NULL,
  `e_q2` varchar(10) COLLATE utf8mb4_unicode_ci DEFAULT NULL,
  `e_q3` varchar(10) COLLATE utf8mb4_unicode_ci DEFAULT NULL,
  `e_q4` varchar(10) COLLATE utf8mb4_unicode_ci DEFAULT NULL,
  `e_q5` varchar(10) COLLATE utf8mb4_unicode_ci DEFAULT NULL,
  `e_q6` varchar(10) COLLATE utf8mb4_unicode_ci DEFAULT NULL,
  `e_q7` varchar(10) COLLATE utf8mb4_unicode_ci DEFAULT NULL,
  `e_q8` varchar(10) COLLATE utf8mb4_unicode_ci DEFAULT NULL,
  `e_q9` varchar(10) COLLATE utf8mb4_unicode_ci DEFAULT NULL,
  `e_q10` varchar(10) COLLATE utf8mb4_unicode_ci DEFAULT NULL,
  `e_q11` varchar(10) COLLATE utf8mb4_unicode_ci DEFAULT NULL,
  `e_comments` text COLLATE utf8mb4_unicode_ci,
  `e_is_conforming` tinyint(1) DEFAULT NULL,
  `sections_done` json DEFAULT NULL,
  `created_at` timestamp NULL DEFAULT NULL,
  `updated_at` timestamp NULL DEFAULT NULL,
  PRIMARY KEY (`id`)
) ENGINE=InnoDB AUTO_INCREMENT=3 DEFAULT CHARSET=utf8mb4 COLLATE=utf8mb4_unicode_ci;

-- Listage des données de la table crec_rh_system_db.pro_cl_process_inspection : ~2 rows (environ)
INSERT INTO `pro_cl_process_inspection` (`id`, `inspection_id`, `filled_by`, `a_q1`, `a_q2`, `a_q3`, `a_q4`, `a_q5`, `a_q6`, `a_q7`, `a_q8`, `a_q9`, `a_q10`, `a_q11`, `a_q12`, `a_q13`, `a_q14`, `a_q15`, `a_q16`, `a_q17`, `a_q18`, `a_q19`, `a_q20`, `a_q21`, `a_q22`, `a_q23`, `a_q24`, `a_comments`, `a_is_conforming`, `b_q1`, `b_q2`, `b_q3`, `b_q4`, `b_q5`, `b_q6`, `b_q7`, `b_q8`, `b_q9`, `b_q10`, `b_q11`, `b_q12`, `b_q13`, `b_q14`, `b_q15`, `b_q16`, `b_q17`, `b_q18`, `b_q19`, `b_q20`, `b_comments`, `b_is_conforming`, `c_q1`, `c_q2`, `c_q3`, `c_q4`, `c_q5`, `c_q6`, `c_q7`, `c_q8`, `c_q9`, `c_q10`, `c_q11`, `c_q12`, `c_q13`, `c_q14`, `c_q15`, `c_q16`, `c_q17`, `c_q18`, `c_q19`, `c_q20`, `c_q21`, `c_q22`, `c_q23`, `c_q24`, `c_q25`, `c_q26`, `c_q27`, `c_q28`, `c_q29`, `c_q30`, `c_q31`, `c_comments`, `c_is_conforming`, `d_q1`, `d_q2`, `d_q3`, `d_q4`, `d_q5`, `d_q6`, `d_q7`, `d_q8`, `d_q9`, `d_q10`, `d_q11`, `d_q12`, `d_q13`, `d_q14`, `d_q15`, `d_q16`, `d_q17`, `d_q18`, `d_q19`, `d_q20`, `d_q21`, `d_q22`, `d_q23`, `d_q24`, `d_q25`, `d_comments`, `d_is_conforming`, `e_q1`, `e_q2`, `e_q3`, `e_q4`, `e_q5`, `e_q6`, `e_q7`, `e_q8`, `e_q9`, `e_q10`, `e_q11`, `e_comments`, `e_is_conforming`, `sections_done`, `created_at`, `updated_at`) VALUES
	(1, 18, 18, 'yes', 'yes', 'yes', 'yes', 'yes', 'yes', 'yes', 'yes', 'yes', 'yes', 'yes', 'yes', 'yes', 'yes', 'yes', 'yes', 'yes', 'yes', 'yes', 'yes', 'yes', 'yes', 'yes', 'yes', 'dfffd', 1, 'yes', 'no', 'no', 'no', 'no', 'na', 'no', 'no', 'yes', 'no', 'no', 'no', 'no', 'yes', 'yes', 'yes', 'no', 'no', 'no', 'no', NULL, NULL, 'yes', 'yes', 'yes', 'no', 'no', 'no', 'yes', 'yes', 'no', 'yes', 'no', 'yes', 'yes', 'yes', 'yes', 'yes', 'yes', 'yes', 'yes', 'yes', 'yes', 'yes', 'yes', 'yes', 'yes', 'yes', 'yes', 'yes', 'yes', 'yes', 'yes', NULL, NULL, 'no', 'no', 'yes', 'yes', 'yes', 'yes', 'yes', 'yes', 'yes', 'yes', 'na', 'yes', 'yes', 'yes', 'yes', 'yes', 'yes', 'yes', 'yes', 'yes', 'yes', 'yes', 'yes', 'yes', 'yes', NULL, NULL, 'yes', 'yes', 'yes', 'yes', 'yes', 'yes', 'no', 'no', 'no', 'yes', 'yes', NULL, NULL, '["a", "b", "c", "d", "e"]', '2026-03-18 13:26:40', '2026-03-26 11:10:29'),
	(2, 35, 18, 'yes', 'yes', 'yes', 'yes', 'yes', 'yes', 'yes', 'yes', 'yes', 'yes', 'yes', 'no', 'no', 'no', 'yes', 'yes', 'no', 'na', 'na', 'na', 'na', 'na', 'no', 'no', 'gffg', 0, NULL, NULL, NULL, NULL, NULL, NULL, NULL, NULL, NULL, NULL, NULL, NULL, NULL, NULL, NULL, NULL, NULL, NULL, NULL, NULL, NULL, NULL, NULL, NULL, NULL, NULL, NULL, NULL, NULL, NULL, NULL, NULL, NULL, NULL, NULL, NULL, NULL, NULL, NULL, NULL, NULL, NULL, NULL, NULL, NULL, NULL, NULL, NULL, NULL, NULL, NULL, NULL, NULL, NULL, NULL, NULL, NULL, NULL, NULL, NULL, NULL, NULL, NULL, NULL, NULL, NULL, NULL, NULL, NULL, NULL, NULL, NULL, NULL, NULL, NULL, NULL, NULL, NULL, NULL, NULL, NULL, NULL, NULL, NULL, NULL, NULL, NULL, NULL, NULL, NULL, NULL, NULL, NULL, NULL, NULL, '["a"]', '2026-03-26 10:55:13', '2026-03-26 10:55:13');

-- Listage de la structure de la table crec_rh_system_db. pro_cl_spatial_repellents
CREATE TABLE IF NOT EXISTS `pro_cl_spatial_repellents` (
  `id` bigint unsigned NOT NULL AUTO_INCREMENT,
  `project_id` bigint unsigned NOT NULL,
  `project_code` varchar(50) COLLATE utf8mb4_unicode_ci DEFAULT NULL,
  `inspection_id` bigint unsigned NOT NULL,
  `q1` enum('yes','no','na') COLLATE utf8mb4_unicode_ci DEFAULT NULL,
  `q2` enum('yes','no','na') COLLATE utf8mb4_unicode_ci DEFAULT NULL,
  `q3` enum('yes','no','na') COLLATE utf8mb4_unicode_ci DEFAULT NULL,
  `q4` enum('yes','no','na') COLLATE utf8mb4_unicode_ci DEFAULT NULL,
  `q5` enum('yes','no','na') COLLATE utf8mb4_unicode_ci DEFAULT NULL,
  `q6` enum('yes','no','na') COLLATE utf8mb4_unicode_ci DEFAULT NULL,
  `q7` enum('yes','no','na') COLLATE utf8mb4_unicode_ci DEFAULT NULL,
  `q8` enum('yes','no','na') COLLATE utf8mb4_unicode_ci DEFAULT NULL,
  `q9` enum('yes','no','na') COLLATE utf8mb4_unicode_ci DEFAULT NULL,
  `q10` enum('yes','no','na') COLLATE utf8mb4_unicode_ci DEFAULT NULL,
  `q11` enum('yes','no','na') COLLATE utf8mb4_unicode_ci DEFAULT NULL,
  `q12` enum('yes','no','na') COLLATE utf8mb4_unicode_ci DEFAULT NULL,
  `q13` enum('yes','no','na') COLLATE utf8mb4_unicode_ci DEFAULT NULL,
  `q14` enum('yes','no','na') COLLATE utf8mb4_unicode_ci DEFAULT NULL,
  `q15` enum('yes','no','na') COLLATE utf8mb4_unicode_ci DEFAULT NULL,
  `q16` enum('yes','no','na') COLLATE utf8mb4_unicode_ci DEFAULT NULL,
  `q17` enum('yes','no','na') COLLATE utf8mb4_unicode_ci DEFAULT NULL,
  `q18` enum('yes','no','na') COLLATE utf8mb4_unicode_ci DEFAULT NULL,
  `q19` enum('yes','no','na') COLLATE utf8mb4_unicode_ci DEFAULT NULL,
  `q20` enum('yes','no','na') COLLATE utf8mb4_unicode_ci DEFAULT NULL,
  `comments` text COLLATE utf8mb4_unicode_ci,
  `is_conforming` tinyint(1) DEFAULT NULL,
  `filled_by` bigint unsigned DEFAULT NULL,
  `created_at` timestamp NULL DEFAULT NULL,
  `updated_at` timestamp NULL DEFAULT NULL,
  PRIMARY KEY (`id`)
) ENGINE=InnoDB AUTO_INCREMENT=8 DEFAULT CHARSET=utf8mb4 COLLATE=utf8mb4_unicode_ci;

-- Listage des données de la table crec_rh_system_db.pro_cl_spatial_repellents : ~7 rows (environ)
INSERT INTO `pro_cl_spatial_repellents` (`id`, `project_id`, `project_code`, `inspection_id`, `q1`, `q2`, `q3`, `q4`, `q5`, `q6`, `q7`, `q8`, `q9`, `q10`, `q11`, `q12`, `q13`, `q14`, `q15`, `q16`, `q17`, `q18`, `q19`, `q20`, `comments`, `is_conforming`, `filled_by`, `created_at`, `updated_at`) VALUES
	(1, 6, '24-05', 8, 'yes', 'no', 'no', 'no', 'yes', 'yes', 'yes', 'yes', 'no', 'yes', 'no', 'yes', 'yes', 'yes', 'no', 'no', 'yes', 'yes', 'no', 'yes', 'dde', NULL, 18, '2026-03-16 07:53:08', '2026-03-16 07:53:08'),
	(2, 6, '24-05', 9, 'yes', 'yes', 'yes', 'yes', 'yes', 'yes', 'yes', 'yes', 'yes', 'yes', 'yes', 'yes', 'yes', 'yes', 'yes', 'yes', 'yes', 'yes', 'yes', 'yes', 'rr', NULL, 18, '2026-03-16 08:30:07', '2026-03-16 08:30:07'),
	(3, 5, '24-04-B/GLP', 13, 'yes', 'no', 'yes', 'yes', 'yes', 'no', 'no', 'yes', 'yes', 'yes', 'no', 'no', 'yes', 'yes', 'no', 'yes', 'yes', 'yes', 'yes', 'yes', NULL, NULL, 18, '2026-03-17 10:28:00', '2026-03-17 10:28:00'),
	(4, 1, '24-01', 21, 'yes', 'yes', 'yes', 'no', 'no', 'yes', 'yes', 'na', 'na', 'na', 'yes', 'yes', 'yes', 'yes', 'yes', 'yes', 'yes', 'yes', 'yes', 'yes', 'eee', 1, 18, '2026-03-23 12:57:42', '2026-03-23 13:12:54'),
	(5, 10, '24-09', 26, 'yes', 'yes', 'yes', 'yes', 'yes', 'yes', 'yes', 'yes', 'yes', 'yes', 'yes', 'yes', 'yes', 'yes', 'yes', 'yes', 'yes', 'yes', 'yes', 'yes', NULL, 1, 18, '2026-03-25 07:15:18', '2026-03-25 07:15:18'),
	(6, 10, '24-09', 27, 'yes', 'yes', 'yes', 'no', 'no', 'no', 'yes', 'yes', 'yes', 'na', 'na', 'na', 'no', 'yes', 'yes', 'yes', 'yes', 'yes', 'no', 'no', NULL, 1, 18, '2026-03-25 10:09:43', '2026-03-25 10:09:43'),
	(7, 16, '24-03-Y', 34, 'yes', 'yes', 'yes', 'yes', 'yes', 'yes', 'yes', 'yes', 'yes', 'yes', 'yes', 'yes', 'no', 'no', 'no', 'na', 'na', 'na', 'no', 'yes', NULL, 0, 18, '2026-03-25 14:58:12', '2026-03-25 14:58:12');

-- Listage de la structure de la table crec_rh_system_db. pro_cl_study_protocol_inspections
CREATE TABLE IF NOT EXISTS `pro_cl_study_protocol_inspections` (
  `id` bigint unsigned NOT NULL AUTO_INCREMENT,
  `inspection_id` bigint unsigned NOT NULL,
  `filled_by` bigint unsigned DEFAULT NULL,
  `sections_done` json DEFAULT NULL,
  `a_q1` char(3) COLLATE utf8mb4_unicode_ci DEFAULT NULL,
  `a_q2` char(3) COLLATE utf8mb4_unicode_ci DEFAULT NULL,
  `a_q3` char(3) COLLATE utf8mb4_unicode_ci DEFAULT NULL,
  `a_q4` char(3) COLLATE utf8mb4_unicode_ci DEFAULT NULL,
  `a_q5` char(3) COLLATE utf8mb4_unicode_ci DEFAULT NULL,
  `a_q6` char(3) COLLATE utf8mb4_unicode_ci DEFAULT NULL,
  `a_q7` char(3) COLLATE utf8mb4_unicode_ci DEFAULT NULL,
  `a_q8` char(3) COLLATE utf8mb4_unicode_ci DEFAULT NULL,
  `a_q9` char(3) COLLATE utf8mb4_unicode_ci DEFAULT NULL,
  `a_q10` char(3) COLLATE utf8mb4_unicode_ci DEFAULT NULL,
  `a_q11` char(3) COLLATE utf8mb4_unicode_ci DEFAULT NULL,
  `a_q12` char(3) COLLATE utf8mb4_unicode_ci DEFAULT NULL,
  `a_q13` char(3) COLLATE utf8mb4_unicode_ci DEFAULT NULL,
  `a_q14` char(3) COLLATE utf8mb4_unicode_ci DEFAULT NULL,
  `a_q15` char(3) COLLATE utf8mb4_unicode_ci DEFAULT NULL,
  `a_q16` char(3) COLLATE utf8mb4_unicode_ci DEFAULT NULL,
  `a_q17` char(3) COLLATE utf8mb4_unicode_ci DEFAULT NULL,
  `a_q18` char(3) COLLATE utf8mb4_unicode_ci DEFAULT NULL,
  `a_q19` char(3) COLLATE utf8mb4_unicode_ci DEFAULT NULL,
  `a_q20` char(3) COLLATE utf8mb4_unicode_ci DEFAULT NULL,
  `a_comments` text COLLATE utf8mb4_unicode_ci,
  `a_is_conforming` tinyint(1) DEFAULT NULL,
  `b_q1` char(3) COLLATE utf8mb4_unicode_ci DEFAULT NULL,
  `b_q2` char(3) COLLATE utf8mb4_unicode_ci DEFAULT NULL,
  `b_q3` char(3) COLLATE utf8mb4_unicode_ci DEFAULT NULL,
  `b_q4` char(3) COLLATE utf8mb4_unicode_ci DEFAULT NULL,
  `b_comments` text COLLATE utf8mb4_unicode_ci,
  `b_is_conforming` tinyint(1) DEFAULT NULL,
  `c_q1` char(3) COLLATE utf8mb4_unicode_ci DEFAULT NULL,
  `c_q2` char(3) COLLATE utf8mb4_unicode_ci DEFAULT NULL,
  `c_q3` char(3) COLLATE utf8mb4_unicode_ci DEFAULT NULL,
  `c_q4` char(3) COLLATE utf8mb4_unicode_ci DEFAULT NULL,
  `c_q5` char(3) COLLATE utf8mb4_unicode_ci DEFAULT NULL,
  `c_q6` char(3) COLLATE utf8mb4_unicode_ci DEFAULT NULL,
  `c_comments` text COLLATE utf8mb4_unicode_ci,
  `c_is_conforming` tinyint(1) DEFAULT NULL,
  `d_q1` char(3) COLLATE utf8mb4_unicode_ci DEFAULT NULL,
  `d_q2` char(3) COLLATE utf8mb4_unicode_ci DEFAULT NULL,
  `d_comments` text COLLATE utf8mb4_unicode_ci,
  `d_is_conforming` tinyint(1) DEFAULT NULL,
  `e_q1` char(3) COLLATE utf8mb4_unicode_ci DEFAULT NULL,
  `e_q2` char(3) COLLATE utf8mb4_unicode_ci DEFAULT NULL,
  `e_q3` char(3) COLLATE utf8mb4_unicode_ci DEFAULT NULL,
  `e_q4` char(3) COLLATE utf8mb4_unicode_ci DEFAULT NULL,
  `e_comments` text COLLATE utf8mb4_unicode_ci,
  `e_is_conforming` tinyint(1) DEFAULT NULL,
  `f_q1` char(3) COLLATE utf8mb4_unicode_ci DEFAULT NULL,
  `f_staff_1_result` char(3) COLLATE utf8mb4_unicode_ci DEFAULT NULL,
  `f_staff_1_level` varchar(80) COLLATE utf8mb4_unicode_ci DEFAULT NULL,
  `f_staff_1_remarks` varchar(80) COLLATE utf8mb4_unicode_ci DEFAULT NULL,
  `f_staff_2_result` char(3) COLLATE utf8mb4_unicode_ci DEFAULT NULL,
  `f_staff_2_level` varchar(80) COLLATE utf8mb4_unicode_ci DEFAULT NULL,
  `f_staff_2_remarks` varchar(80) COLLATE utf8mb4_unicode_ci DEFAULT NULL,
  `f_staff_3_result` char(3) COLLATE utf8mb4_unicode_ci DEFAULT NULL,
  `f_staff_3_level` varchar(80) COLLATE utf8mb4_unicode_ci DEFAULT NULL,
  `f_staff_3_remarks` varchar(80) COLLATE utf8mb4_unicode_ci DEFAULT NULL,
  `f_staff_4_result` char(3) COLLATE utf8mb4_unicode_ci DEFAULT NULL,
  `f_staff_4_level` varchar(80) COLLATE utf8mb4_unicode_ci DEFAULT NULL,
  `f_staff_4_remarks` varchar(80) COLLATE utf8mb4_unicode_ci DEFAULT NULL,
  `f_staff_5_result` char(3) COLLATE utf8mb4_unicode_ci DEFAULT NULL,
  `f_staff_5_level` varchar(80) COLLATE utf8mb4_unicode_ci DEFAULT NULL,
  `f_staff_5_remarks` varchar(80) COLLATE utf8mb4_unicode_ci DEFAULT NULL,
  `f_staff_6_result` char(3) COLLATE utf8mb4_unicode_ci DEFAULT NULL,
  `f_staff_6_level` varchar(80) COLLATE utf8mb4_unicode_ci DEFAULT NULL,
  `f_staff_6_remarks` varchar(80) COLLATE utf8mb4_unicode_ci DEFAULT NULL,
  `f_staff_7_result` char(3) COLLATE utf8mb4_unicode_ci DEFAULT NULL,
  `f_staff_7_level` varchar(80) COLLATE utf8mb4_unicode_ci DEFAULT NULL,
  `f_staff_7_remarks` varchar(80) COLLATE utf8mb4_unicode_ci DEFAULT NULL,
  `f_staff_8_result` char(3) COLLATE utf8mb4_unicode_ci DEFAULT NULL,
  `f_staff_8_level` varchar(80) COLLATE utf8mb4_unicode_ci DEFAULT NULL,
  `f_staff_8_remarks` varchar(80) COLLATE utf8mb4_unicode_ci DEFAULT NULL,
  `f_staff_9_result` char(3) COLLATE utf8mb4_unicode_ci DEFAULT NULL,
  `f_staff_9_level` varchar(80) COLLATE utf8mb4_unicode_ci DEFAULT NULL,
  `f_staff_9_remarks` varchar(80) COLLATE utf8mb4_unicode_ci DEFAULT NULL,
  `f_staff_10_result` char(3) COLLATE utf8mb4_unicode_ci DEFAULT NULL,
  `f_staff_10_level` varchar(80) COLLATE utf8mb4_unicode_ci DEFAULT NULL,
  `f_staff_10_remarks` varchar(80) COLLATE utf8mb4_unicode_ci DEFAULT NULL,
  `f_staff_11_result` char(3) COLLATE utf8mb4_unicode_ci DEFAULT NULL,
  `f_staff_11_level` varchar(80) COLLATE utf8mb4_unicode_ci DEFAULT NULL,
  `f_staff_11_remarks` varchar(80) COLLATE utf8mb4_unicode_ci DEFAULT NULL,
  `f_staff_12_result` char(3) COLLATE utf8mb4_unicode_ci DEFAULT NULL,
  `f_staff_12_level` varchar(80) COLLATE utf8mb4_unicode_ci DEFAULT NULL,
  `f_staff_12_remarks` varchar(80) COLLATE utf8mb4_unicode_ci DEFAULT NULL,
  `f_staff_13_result` char(3) COLLATE utf8mb4_unicode_ci DEFAULT NULL,
  `f_staff_13_level` varchar(80) COLLATE utf8mb4_unicode_ci DEFAULT NULL,
  `f_staff_13_remarks` varchar(80) COLLATE utf8mb4_unicode_ci DEFAULT NULL,
  `f_staff_14_result` char(3) COLLATE utf8mb4_unicode_ci DEFAULT NULL,
  `f_staff_14_level` varchar(80) COLLATE utf8mb4_unicode_ci DEFAULT NULL,
  `f_staff_14_remarks` varchar(80) COLLATE utf8mb4_unicode_ci DEFAULT NULL,
  `f_staff_15_result` char(3) COLLATE utf8mb4_unicode_ci DEFAULT NULL,
  `f_staff_15_level` varchar(80) COLLATE utf8mb4_unicode_ci DEFAULT NULL,
  `f_staff_15_remarks` varchar(80) COLLATE utf8mb4_unicode_ci DEFAULT NULL,
  `f_comments` text COLLATE utf8mb4_unicode_ci,
  `f_is_conforming` tinyint(1) DEFAULT NULL,
  `created_at` timestamp NULL DEFAULT NULL,
  `updated_at` timestamp NULL DEFAULT NULL,
  PRIMARY KEY (`id`),
  KEY `pro_cl_study_protocol_inspections_inspection_id_foreign` (`inspection_id`),
  CONSTRAINT `pro_cl_study_protocol_inspections_inspection_id_foreign` FOREIGN KEY (`inspection_id`) REFERENCES `pro_qa_inspections` (`id`) ON DELETE CASCADE
) ENGINE=InnoDB AUTO_INCREMENT=5 DEFAULT CHARSET=utf8mb4 COLLATE=utf8mb4_unicode_ci;

-- Listage des données de la table crec_rh_system_db.pro_cl_study_protocol_inspections : ~4 rows (environ)
INSERT INTO `pro_cl_study_protocol_inspections` (`id`, `inspection_id`, `filled_by`, `sections_done`, `a_q1`, `a_q2`, `a_q3`, `a_q4`, `a_q5`, `a_q6`, `a_q7`, `a_q8`, `a_q9`, `a_q10`, `a_q11`, `a_q12`, `a_q13`, `a_q14`, `a_q15`, `a_q16`, `a_q17`, `a_q18`, `a_q19`, `a_q20`, `a_comments`, `a_is_conforming`, `b_q1`, `b_q2`, `b_q3`, `b_q4`, `b_comments`, `b_is_conforming`, `c_q1`, `c_q2`, `c_q3`, `c_q4`, `c_q5`, `c_q6`, `c_comments`, `c_is_conforming`, `d_q1`, `d_q2`, `d_comments`, `d_is_conforming`, `e_q1`, `e_q2`, `e_q3`, `e_q4`, `e_comments`, `e_is_conforming`, `f_q1`, `f_staff_1_result`, `f_staff_1_level`, `f_staff_1_remarks`, `f_staff_2_result`, `f_staff_2_level`, `f_staff_2_remarks`, `f_staff_3_result`, `f_staff_3_level`, `f_staff_3_remarks`, `f_staff_4_result`, `f_staff_4_level`, `f_staff_4_remarks`, `f_staff_5_result`, `f_staff_5_level`, `f_staff_5_remarks`, `f_staff_6_result`, `f_staff_6_level`, `f_staff_6_remarks`, `f_staff_7_result`, `f_staff_7_level`, `f_staff_7_remarks`, `f_staff_8_result`, `f_staff_8_level`, `f_staff_8_remarks`, `f_staff_9_result`, `f_staff_9_level`, `f_staff_9_remarks`, `f_staff_10_result`, `f_staff_10_level`, `f_staff_10_remarks`, `f_staff_11_result`, `f_staff_11_level`, `f_staff_11_remarks`, `f_staff_12_result`, `f_staff_12_level`, `f_staff_12_remarks`, `f_staff_13_result`, `f_staff_13_level`, `f_staff_13_remarks`, `f_staff_14_result`, `f_staff_14_level`, `f_staff_14_remarks`, `f_staff_15_result`, `f_staff_15_level`, `f_staff_15_remarks`, `f_comments`, `f_is_conforming`, `created_at`, `updated_at`) VALUES
	(1, 30, 18, '["a", "f", "b", "c", "d", "e"]', 'yes', 'yes', 'yes', 'yes', 'yes', 'yes', 'yes', 'yes', 'yes', 'yes', 'yes', 'yes', 'yes', 'yes', 'yes', 'yes', 'yes', 'yes', 'yes', 'yes', NULL, 1, 'yes', 'yes', 'yes', 'yes', NULL, 1, 'yes', 'yes', 'yes', 'yes', 'yes', 'yes', NULL, 0, 'yes', 'yes', NULL, 1, 'yes', 'yes', 'yes', 'yes', NULL, 1, NULL, 'yes', NULL, NULL, 'no', NULL, NULL, 'no', NULL, NULL, 'yes', NULL, NULL, 'yes', NULL, NULL, 'yes', NULL, NULL, 'yes', NULL, NULL, 'yes', NULL, NULL, 'yes', NULL, NULL, 'yes', NULL, NULL, 'yes', NULL, NULL, 'yes', NULL, NULL, 'yes', NULL, NULL, 'yes', NULL, NULL, 'yes', NULL, NULL, NULL, 1, '2026-03-25 08:14:29', '2026-03-26 07:46:57'),
	(2, 38, 18, '["a", "b", "c", "d", "e", "f"]', 'yes', 'yes', 'no', 'no', 'yes', 'yes', 'yes', 'yes', 'yes', 'yes', 'yes', 'yes', 'yes', 'yes', 'yes', 'yes', 'yes', 'yes', 'yes', 'yes', NULL, 1, 'yes', 'yes', 'yes', 'yes', NULL, 1, 'yes', 'yes', 'yes', 'yes', 'yes', 'yes', NULL, 1, 'yes', 'yes', NULL, 1, 'yes', 'yes', 'yes', 'yes', NULL, 1, 'yes', 'yes', NULL, NULL, 'yes', NULL, NULL, 'yes', NULL, NULL, 'yes', NULL, NULL, 'yes', NULL, NULL, 'yes', NULL, NULL, 'yes', NULL, NULL, 'yes', NULL, NULL, 'yes', NULL, NULL, 'yes', NULL, NULL, 'yes', NULL, NULL, 'yes', NULL, NULL, 'yes', NULL, NULL, 'yes', NULL, NULL, 'yes', NULL, NULL, NULL, 1, '2026-03-27 10:27:32', '2026-03-27 10:33:18'),
	(3, 43, 18, '["a", "b", "c", "d", "e", "f"]', 'yes', 'yes', 'yes', 'yes', 'yes', 'yes', 'yes', 'yes', 'yes', 'yes', 'yes', 'yes', 'yes', 'yes', 'yes', 'yes', 'yes', 'yes', 'yes', 'yes', NULL, 1, 'yes', 'yes', 'yes', 'yes', NULL, 1, 'yes', 'yes', 'yes', 'yes', 'yes', 'yes', NULL, 1, 'yes', 'yes', NULL, 1, 'yes', 'no', 'yes', 'yes', NULL, 1, 'yes', 'yes', NULL, NULL, 'yes', NULL, NULL, 'yes', NULL, NULL, 'yes', NULL, NULL, NULL, NULL, NULL, NULL, NULL, NULL, NULL, NULL, NULL, NULL, NULL, NULL, NULL, NULL, NULL, NULL, NULL, NULL, NULL, NULL, NULL, NULL, NULL, NULL, NULL, NULL, NULL, NULL, NULL, NULL, NULL, NULL, NULL, NULL, 1, '2026-03-27 14:17:18', '2026-03-27 14:18:09'),
	(4, 42, 18, '["a", "b", "c", "d", "e", "f"]', 'yes', 'yes', 'yes', 'yes', 'yes', 'yes', 'yes', 'yes', 'yes', 'yes', 'yes', 'yes', 'yes', 'yes', 'yes', 'yes', 'yes', 'yes', 'yes', 'yes', NULL, 1, 'yes', 'yes', 'yes', 'yes', NULL, 1, 'yes', 'yes', 'yes', 'yes', 'yes', 'yes', NULL, 1, 'yes', 'yes', NULL, 1, 'yes', 'yes', 'yes', 'yes', NULL, 1, 'yes', 'yes', NULL, NULL, 'yes', NULL, NULL, 'yes', NULL, NULL, 'yes', NULL, NULL, NULL, NULL, NULL, NULL, NULL, NULL, NULL, NULL, NULL, NULL, NULL, NULL, NULL, NULL, NULL, NULL, NULL, NULL, NULL, NULL, NULL, NULL, NULL, NULL, NULL, NULL, NULL, NULL, NULL, NULL, NULL, NULL, NULL, NULL, 1, '2026-03-27 14:18:36', '2026-03-27 14:19:11');

-- Listage de la structure de la table crec_rh_system_db. pro_cl_study_report_inspections
CREATE TABLE IF NOT EXISTS `pro_cl_study_report_inspections` (
  `id` bigint unsigned NOT NULL AUTO_INCREMENT,
  `inspection_id` bigint unsigned NOT NULL,
  `filled_by` bigint unsigned DEFAULT NULL,
  `sections_done` json DEFAULT NULL,
  `a_q1` varchar(255) COLLATE utf8mb4_unicode_ci DEFAULT NULL,
  `a_q2` varchar(255) COLLATE utf8mb4_unicode_ci DEFAULT NULL,
  `a_q3` varchar(255) COLLATE utf8mb4_unicode_ci DEFAULT NULL,
  `a_q4` varchar(255) COLLATE utf8mb4_unicode_ci DEFAULT NULL,
  `a_q5` varchar(255) COLLATE utf8mb4_unicode_ci DEFAULT NULL,
  `a_q6` varchar(255) COLLATE utf8mb4_unicode_ci DEFAULT NULL,
  `a_q7` varchar(255) COLLATE utf8mb4_unicode_ci DEFAULT NULL,
  `a_q8` varchar(255) COLLATE utf8mb4_unicode_ci DEFAULT NULL,
  `a_q9` varchar(255) COLLATE utf8mb4_unicode_ci DEFAULT NULL,
  `a_q10` varchar(255) COLLATE utf8mb4_unicode_ci DEFAULT NULL,
  `a_q11` varchar(255) COLLATE utf8mb4_unicode_ci DEFAULT NULL,
  `a_q12` varchar(255) COLLATE utf8mb4_unicode_ci DEFAULT NULL,
  `a_q13` varchar(255) COLLATE utf8mb4_unicode_ci DEFAULT NULL,
  `a_q14` varchar(255) COLLATE utf8mb4_unicode_ci DEFAULT NULL,
  `a_q15` varchar(255) COLLATE utf8mb4_unicode_ci DEFAULT NULL,
  `a_q16` varchar(255) COLLATE utf8mb4_unicode_ci DEFAULT NULL,
  `a_q17` varchar(255) COLLATE utf8mb4_unicode_ci DEFAULT NULL,
  `a_q18` varchar(255) COLLATE utf8mb4_unicode_ci DEFAULT NULL,
  `a_q19` varchar(255) COLLATE utf8mb4_unicode_ci DEFAULT NULL,
  `a_q20` varchar(255) COLLATE utf8mb4_unicode_ci DEFAULT NULL,
  `a_q21` varchar(255) COLLATE utf8mb4_unicode_ci DEFAULT NULL,
  `a_q22` varchar(255) COLLATE utf8mb4_unicode_ci DEFAULT NULL,
  `a_q23` varchar(255) COLLATE utf8mb4_unicode_ci DEFAULT NULL,
  `a_q24` varchar(255) COLLATE utf8mb4_unicode_ci DEFAULT NULL,
  `a_q25` varchar(255) COLLATE utf8mb4_unicode_ci DEFAULT NULL,
  `a_q26` varchar(255) COLLATE utf8mb4_unicode_ci DEFAULT NULL,
  `a_q27` varchar(255) COLLATE utf8mb4_unicode_ci DEFAULT NULL,
  `a_q28` varchar(255) COLLATE utf8mb4_unicode_ci DEFAULT NULL,
  `a_comments` text COLLATE utf8mb4_unicode_ci,
  `a_is_conforming` tinyint(1) DEFAULT NULL,
  `b_q1` varchar(255) COLLATE utf8mb4_unicode_ci DEFAULT NULL,
  `b_q2` varchar(255) COLLATE utf8mb4_unicode_ci DEFAULT NULL,
  `b_q3` varchar(255) COLLATE utf8mb4_unicode_ci DEFAULT NULL,
  `b_comments` text COLLATE utf8mb4_unicode_ci,
  `b_is_conforming` tinyint(1) DEFAULT NULL,
  `c_q1` varchar(255) COLLATE utf8mb4_unicode_ci DEFAULT NULL,
  `c_q2` varchar(255) COLLATE utf8mb4_unicode_ci DEFAULT NULL,
  `c_comments` text COLLATE utf8mb4_unicode_ci,
  `c_is_conforming` tinyint(1) DEFAULT NULL,
  `d_q1` varchar(255) COLLATE utf8mb4_unicode_ci DEFAULT NULL,
  `d_q2` varchar(255) COLLATE utf8mb4_unicode_ci DEFAULT NULL,
  `d_q3` varchar(255) COLLATE utf8mb4_unicode_ci DEFAULT NULL,
  `d_q4` varchar(255) COLLATE utf8mb4_unicode_ci DEFAULT NULL,
  `d_comments` text COLLATE utf8mb4_unicode_ci,
  `d_is_conforming` tinyint(1) DEFAULT NULL,
  `e_q1` varchar(255) COLLATE utf8mb4_unicode_ci DEFAULT NULL,
  `e_q2` varchar(255) COLLATE utf8mb4_unicode_ci DEFAULT NULL,
  `e_q3` varchar(255) COLLATE utf8mb4_unicode_ci DEFAULT NULL,
  `e_q4` varchar(255) COLLATE utf8mb4_unicode_ci DEFAULT NULL,
  `e_comments` text COLLATE utf8mb4_unicode_ci,
  `e_is_conforming` tinyint(1) DEFAULT NULL,
  `created_at` timestamp NULL DEFAULT NULL,
  `updated_at` timestamp NULL DEFAULT NULL,
  PRIMARY KEY (`id`),
  UNIQUE KEY `pro_cl_study_report_inspections_inspection_id_unique` (`inspection_id`),
  CONSTRAINT `pro_cl_study_report_inspections_inspection_id_foreign` FOREIGN KEY (`inspection_id`) REFERENCES `pro_qa_inspections` (`id`) ON DELETE CASCADE
) ENGINE=InnoDB AUTO_INCREMENT=3 DEFAULT CHARSET=utf8mb4 COLLATE=utf8mb4_unicode_ci;

-- Listage des données de la table crec_rh_system_db.pro_cl_study_report_inspections : ~2 rows (environ)
INSERT INTO `pro_cl_study_report_inspections` (`id`, `inspection_id`, `filled_by`, `sections_done`, `a_q1`, `a_q2`, `a_q3`, `a_q4`, `a_q5`, `a_q6`, `a_q7`, `a_q8`, `a_q9`, `a_q10`, `a_q11`, `a_q12`, `a_q13`, `a_q14`, `a_q15`, `a_q16`, `a_q17`, `a_q18`, `a_q19`, `a_q20`, `a_q21`, `a_q22`, `a_q23`, `a_q24`, `a_q25`, `a_q26`, `a_q27`, `a_q28`, `a_comments`, `a_is_conforming`, `b_q1`, `b_q2`, `b_q3`, `b_comments`, `b_is_conforming`, `c_q1`, `c_q2`, `c_comments`, `c_is_conforming`, `d_q1`, `d_q2`, `d_q3`, `d_q4`, `d_comments`, `d_is_conforming`, `e_q1`, `e_q2`, `e_q3`, `e_q4`, `e_comments`, `e_is_conforming`, `created_at`, `updated_at`) VALUES
	(1, 31, 18, '["a", "b", "c", "d", "e"]', 'yes', 'yes', 'yes', 'yes', 'yes', 'yes', 'yes', 'yes', 'yes', 'yes', 'yes', 'yes', 'yes', 'yes', 'yes', 'yes', 'yes', 'yes', 'yes', 'yes', 'yes', 'yes', 'yes', 'yes', 'yes', 'yes', 'yes', 'yes', NULL, 1, 'yes', 'yes', 'yes', NULL, 1, 'yes', 'yes', NULL, 1, 'yes', 'yes', 'yes', 'yes', NULL, 1, 'yes', 'yes', 'yes', 'yes', NULL, 1, '2026-03-25 10:04:30', '2026-03-25 10:08:51'),
	(2, 40, 18, '["a", "b", "c", "d", "e"]', 'yes', 'yes', 'yes', 'yes', 'yes', 'yes', 'yes', 'yes', 'yes', 'yes', 'yes', 'yes', 'yes', 'yes', 'yes', 'yes', 'yes', 'yes', 'yes', 'yes', 'yes', 'yes', 'yes', 'yes', 'yes', 'yes', 'yes', 'yes', NULL, 1, 'yes', 'yes', 'no', NULL, 1, 'yes', 'yes', 'd', 1, 'yes', 'yes', 'yes', 'yes', NULL, 1, 'yes', 'yes', 'yes', 'yes', NULL, 1, '2026-03-27 10:50:08', '2026-03-27 10:50:40');

-- Listage de la structure de la table crec_rh_system_db. pro_cl_tunnel_test
CREATE TABLE IF NOT EXISTS `pro_cl_tunnel_test` (
  `id` bigint unsigned NOT NULL AUTO_INCREMENT,
  `project_id` bigint unsigned NOT NULL,
  `project_code` varchar(50) COLLATE utf8mb4_unicode_ci DEFAULT NULL,
  `inspection_id` bigint unsigned NOT NULL,
  `q1` enum('yes','no','na') COLLATE utf8mb4_unicode_ci DEFAULT NULL,
  `q2` enum('yes','no','na') COLLATE utf8mb4_unicode_ci DEFAULT NULL,
  `q3` enum('yes','no','na') COLLATE utf8mb4_unicode_ci DEFAULT NULL,
  `q4` enum('yes','no','na') COLLATE utf8mb4_unicode_ci DEFAULT NULL,
  `q5` enum('yes','no','na') COLLATE utf8mb4_unicode_ci DEFAULT NULL,
  `q6` enum('yes','no','na') COLLATE utf8mb4_unicode_ci DEFAULT NULL,
  `q7` enum('yes','no','na') COLLATE utf8mb4_unicode_ci DEFAULT NULL,
  `q8` enum('yes','no','na') COLLATE utf8mb4_unicode_ci DEFAULT NULL,
  `q9` enum('yes','no','na') COLLATE utf8mb4_unicode_ci DEFAULT NULL,
  `q10` enum('yes','no','na') COLLATE utf8mb4_unicode_ci DEFAULT NULL,
  `q11` enum('yes','no','na') COLLATE utf8mb4_unicode_ci DEFAULT NULL,
  `q12` enum('yes','no','na') COLLATE utf8mb4_unicode_ci DEFAULT NULL,
  `q13` enum('yes','no','na') COLLATE utf8mb4_unicode_ci DEFAULT NULL,
  `q14` enum('yes','no','na') COLLATE utf8mb4_unicode_ci DEFAULT NULL,
  `q15` enum('yes','no','na') COLLATE utf8mb4_unicode_ci DEFAULT NULL,
  `q16` enum('yes','no','na') COLLATE utf8mb4_unicode_ci DEFAULT NULL,
  `comments` text COLLATE utf8mb4_unicode_ci,
  `is_conforming` tinyint(1) DEFAULT NULL,
  `filled_by` bigint unsigned DEFAULT NULL,
  `created_at` timestamp NULL DEFAULT NULL,
  `updated_at` timestamp NULL DEFAULT NULL,
  PRIMARY KEY (`id`)
) ENGINE=InnoDB AUTO_INCREMENT=3 DEFAULT CHARSET=utf8mb4 COLLATE=utf8mb4_unicode_ci;

-- Listage des données de la table crec_rh_system_db.pro_cl_tunnel_test : ~2 rows (environ)
INSERT INTO `pro_cl_tunnel_test` (`id`, `project_id`, `project_code`, `inspection_id`, `q1`, `q2`, `q3`, `q4`, `q5`, `q6`, `q7`, `q8`, `q9`, `q10`, `q11`, `q12`, `q13`, `q14`, `q15`, `q16`, `comments`, `is_conforming`, `filled_by`, `created_at`, `updated_at`) VALUES
	(1, 6, '24-05', 10, 'no', 'no', 'yes', 'no', 'yes', 'yes', 'yes', 'no', 'no', 'na', 'no', 'yes', 'yes', 'yes', 'yes', 'yes', 'dd', NULL, 18, '2026-03-16 08:10:44', '2026-03-16 08:10:44'),
	(2, 1, '24-01', 22, 'no', 'no', 'yes', 'yes', 'yes', 'yes', 'yes', 'yes', 'yes', 'yes', 'yes', 'yes', 'yes', 'yes', 'yes', 'yes', 'ee', 1, 18, '2026-03-23 15:23:30', '2026-03-23 15:23:30');

-- Listage de la structure de la table crec_rh_system_db. pro_key_facility_personnels
CREATE TABLE IF NOT EXISTS `pro_key_facility_personnels` (
  `id` bigint unsigned NOT NULL AUTO_INCREMENT,
  `personnel_id` bigint unsigned NOT NULL,
  `staff_role` enum('Facility Manager','Quality Assurance','Archivist','SOP Manager','Data Manager') CHARACTER SET utf8mb4 COLLATE utf8mb4_unicode_ci DEFAULT NULL,
  `start_date` date DEFAULT NULL,
  `end_date` date DEFAULT NULL,
  `active` tinyint(1) NOT NULL,
  `created_at` timestamp NULL DEFAULT NULL,
  `updated_at` timestamp NULL DEFAULT NULL,
  PRIMARY KEY (`id`)
) ENGINE=InnoDB AUTO_INCREMENT=5 DEFAULT CHARSET=utf8mb4 COLLATE=utf8mb4_unicode_ci;

-- Listage des données de la table crec_rh_system_db.pro_key_facility_personnels : ~4 rows (environ)
INSERT INTO `pro_key_facility_personnels` (`id`, `personnel_id`, `staff_role`, `start_date`, `end_date`, `active`, `created_at`, `updated_at`) VALUES
	(1, 1, 'Facility Manager', NULL, NULL, 1, NULL, NULL),
	(2, 23, 'Quality Assurance', NULL, NULL, 1, NULL, NULL),
	(3, 34, 'Archivist', NULL, NULL, 1, NULL, NULL),
	(4, 23, 'Data Manager', NULL, NULL, 1, NULL, NULL);

-- Listage de la structure de la table crec_rh_system_db. pro_lab_tests
CREATE TABLE IF NOT EXISTS `pro_lab_tests` (
  `id` bigint unsigned NOT NULL AUTO_INCREMENT,
  `lab_test_name` varchar(255) COLLATE utf8mb4_unicode_ci NOT NULL,
  `level_test` int NOT NULL,
  `created_at` timestamp NULL DEFAULT NULL,
  `updated_at` timestamp NULL DEFAULT NULL,
  PRIMARY KEY (`id`)
) ENGINE=InnoDB AUTO_INCREMENT=6 DEFAULT CHARSET=utf8mb4 COLLATE=utf8mb4_unicode_ci;

-- Listage des données de la table crec_rh_system_db.pro_lab_tests : ~5 rows (environ)
INSERT INTO `pro_lab_tests` (`id`, `lab_test_name`, `level_test`, `created_at`, `updated_at`) VALUES
	(1, 'Cone Test', 1, '2025-09-10 16:34:21', '2025-09-10 16:34:21'),
	(2, 'Tube Test', 2, '2025-09-10 16:34:21', '2025-09-10 16:34:21'),
	(3, 'Tunnel Test', 3, '2025-09-10 16:34:21', '2025-09-10 16:34:21'),
	(4, 'Arm in cage Test', 4, '2025-09-10 16:34:21', '2025-09-10 16:34:21'),
	(5, 'Cylinder Test', 5, '2025-09-10 16:34:21', '2025-09-10 16:34:21');

-- Listage de la structure de la table crec_rh_system_db. pro_other_basic_documents
CREATE TABLE IF NOT EXISTS `pro_other_basic_documents` (
  `id` bigint unsigned NOT NULL AUTO_INCREMENT,
  `project_id` bigint unsigned NOT NULL,
  `titre_document` varchar(255) COLLATE utf8mb4_unicode_ci NOT NULL,
  `description_document` text COLLATE utf8mb4_unicode_ci,
  `document_file_path` varchar(255) COLLATE utf8mb4_unicode_ci NOT NULL,
  `upload_date` date DEFAULT NULL,
  `uploaded_by` varchar(255) COLLATE utf8mb4_unicode_ci DEFAULT NULL,
  `document_type` varchar(255) COLLATE utf8mb4_unicode_ci DEFAULT NULL,
  `active` tinyint(1) NOT NULL DEFAULT '1',
  `created_at` timestamp NULL DEFAULT NULL,
  `updated_at` timestamp NULL DEFAULT NULL,
  PRIMARY KEY (`id`)
) ENGINE=InnoDB AUTO_INCREMENT=7 DEFAULT CHARSET=utf8mb4 COLLATE=utf8mb4_unicode_ci;

-- Listage des données de la table crec_rh_system_db.pro_other_basic_documents : ~4 rows (environ)
INSERT INTO `pro_other_basic_documents` (`id`, `project_id`, `titre_document`, `description_document`, `document_file_path`, `upload_date`, `uploaded_by`, `document_type`, `active`, `created_at`, `updated_at`) VALUES
	(1, 32, 'Accreditation de l\'ANM', 'dddd', 'other_basic_documents/DrK6s1uJIxGmI8RY5TOVzLCSQUPi7LjPGwDxGttQ.pdf', '2025-09-03', '18', 'other basic', 1, '2025-09-03 17:47:05', '2025-09-03 17:47:05'),
	(2, 32, 'Lettre attestant la mise en calibrage des equipements', 'dddddd', 'other_basic_documents/PnJ3CVTjKdTRRlJSLCs2ZYYtqzuI8p2VI9qgwJ79.pdf', '2025-09-03', '18', 'other basic', 1, '2025-09-03 17:51:04', '2025-09-03 17:51:04'),
	(3, 32, 'Lettre attestant la mise en calibrage des equipements', 'fdfdfd', 'other_basic_documents/cYnt3FXpJNbEX40Rc5c7d62RfGL2M3fq6QDxhdln.pdf', '2025-09-03', '18', 'other basic', 1, '2025-09-03 18:00:11', '2025-09-03 18:00:11'),
	(4, 30, 'Lettre attestant la mise en calibrage des equipements', 'ddd', 'other_basic_documents/y8d3N30u51hlrQtHH4PYIZJuoo0Iykq7MD07Ld5X.pdf', '2025-09-04', '18', 'other basic', 1, '2025-09-04 11:12:00', '2025-09-04 11:12:00'),
	(5, 4, 'Lettre attestant la mise en calibrage des equipements', 'jhghgh', 'other_basic_documents/jEB4RyN1WSBY4yRSkXpQRINlT6Rtw0l1PTksMlGl.pdf', '2025-09-05', '18', 'other basic', 1, '2025-09-05 08:14:11', '2025-09-05 08:14:11'),
	(6, 5, 'Lettre attestant la mise en calibrage des equipements', NULL, 'other_basic_documents/MTKjfDVdJRlkN4f5ZCrfXzi6eOKvUj74uiOEiOao.pdf', '2025-09-17', '23', 'other basic', 1, '2025-09-17 17:03:46', '2025-09-17 17:03:46');

-- Listage de la structure de la table crec_rh_system_db. pro_products_types
CREATE TABLE IF NOT EXISTS `pro_products_types` (
  `id` bigint unsigned NOT NULL AUTO_INCREMENT,
  `product_type_name` varchar(255) CHARACTER SET utf8mb4 COLLATE utf8mb4_unicode_ci NOT NULL,
  `level_product` int NOT NULL,
  `created_at` timestamp NULL DEFAULT NULL,
  `updated_at` timestamp NULL DEFAULT NULL,
  PRIMARY KEY (`id`)
) ENGINE=InnoDB AUTO_INCREMENT=5 DEFAULT CHARSET=utf8mb4 COLLATE=utf8mb4_unicode_ci;

-- Listage des données de la table crec_rh_system_db.pro_products_types : ~4 rows (environ)
INSERT INTO `pro_products_types` (`id`, `product_type_name`, `level_product`, `created_at`, `updated_at`) VALUES
	(1, 'Insecticide Treated Nets (ITN)', 1, '2025-09-10 16:11:11', '2025-09-10 16:11:11'),
	(2, 'Spatial Emanator (SE)', 2, '2025-09-10 16:11:11', '2025-09-10 16:11:11'),
	(3, 'Attractive Targeted Sugar Bait (ATSB)', 3, '2025-09-10 16:11:11', '2025-09-10 16:11:11'),
	(4, 'Indoor Resistance Sprays (IRS)', 4, '2025-09-10 16:11:11', '2025-09-10 16:11:11');

-- Listage de la structure de la table crec_rh_system_db. pro_projects
CREATE TABLE IF NOT EXISTS `pro_projects` (
  `id` bigint unsigned NOT NULL AUTO_INCREMENT,
  `project_code` varchar(255) CHARACTER SET utf8mb4 COLLATE utf8mb4_unicode_ci NOT NULL,
  `is_glp` tinyint NOT NULL DEFAULT (0),
  `project_nature` enum('Evaluation_Phase_1','Evaluation_Phase_2','Evaluation_Phase_1_et_2','Community_Study') CHARACTER SET utf8mb4 COLLATE utf8mb4_unicode_ci DEFAULT NULL,
  `test_system` enum('lab_mosquitoes','field_mosquitoes','lab_and_field_mosquitoes') CHARACTER SET utf8mb4 COLLATE utf8mb4_unicode_ci DEFAULT NULL,
  `project_title` varchar(255) CHARACTER SET utf8mb4 COLLATE utf8mb4_unicode_ci NOT NULL,
  `protocol_code` varchar(255) CHARACTER SET utf8mb4 COLLATE utf8mb4_unicode_ci DEFAULT NULL,
  `study_director` int DEFAULT NULL,
  `project_manager` int DEFAULT NULL,
  `date_debut_previsionnelle` date DEFAULT NULL,
  `date_debut_effective` date DEFAULT NULL,
  `date_fin_previsionnelle` date DEFAULT NULL,
  `date_fin_effective` date DEFAULT NULL,
  `description_project` text COLLATE utf8mb4_unicode_ci,
  `project_stage` enum('not_started','in progress','suspended','completed','archived','NA') CHARACTER SET utf8mb4 COLLATE utf8mb4_unicode_ci NOT NULL DEFAULT 'not_started',
  `created_at` timestamp NULL DEFAULT NULL,
  `updated_at` timestamp NULL DEFAULT NULL,
  `archived_at` timestamp NULL DEFAULT NULL,
  `phases_completed` json DEFAULT NULL,
  `archive_checklist` json DEFAULT NULL,
  `archived_by` bigint unsigned DEFAULT NULL,
  `archive_submission_date` date DEFAULT NULL,
  `archive_deposition_form_path` varchar(255) COLLATE utf8mb4_unicode_ci DEFAULT NULL,
  PRIMARY KEY (`id`),
  KEY `pro_projects_study_director_index` (`study_director`),
  KEY `pro_projects_archived_by_foreign` (`archived_by`),
  CONSTRAINT `pro_projects_archived_by_foreign` FOREIGN KEY (`archived_by`) REFERENCES `users` (`id`) ON DELETE SET NULL
) ENGINE=InnoDB AUTO_INCREMENT=38 DEFAULT CHARSET=utf8mb4 COLLATE=utf8mb4_unicode_ci;

-- Listage des données de la table crec_rh_system_db.pro_projects : ~37 rows (environ)
INSERT INTO `pro_projects` (`id`, `project_code`, `is_glp`, `project_nature`, `test_system`, `project_title`, `protocol_code`, `study_director`, `project_manager`, `date_debut_previsionnelle`, `date_debut_effective`, `date_fin_previsionnelle`, `date_fin_effective`, `description_project`, `project_stage`, `created_at`, `updated_at`, `archived_at`, `phases_completed`, `archive_checklist`, `archived_by`, `archive_submission_date`, `archive_deposition_form_path`) VALUES
	(1, '24-01', 1, 'Evaluation_Phase_1', 'lab_and_field_mosquitoes', '24-01', 'P/24-05', 1, 1, '2026-03-01', '2026-03-08', '2026-04-11', '2026-05-09', 'd', 'in progress', '2025-07-11 11:29:56', '2026-03-27 16:16:55', NULL, '["protocol_development", "protocol_details", "study_creation", "experimental", "reporting", "quality_assurance", "archiving", "planning"]', '["physical_docs_archived", "raw_data_secured", "electronic_backup", "samples_stored", "personnel_notified"]', NULL, NULL, NULL),
	(2, '24-02', 1, 'Evaluation_Phase_1_et_2', 'lab_mosquitoes', '24-02', NULL, 1, 10, NULL, NULL, NULL, NULL, 'Lorem ipsum dolor sit amet, consectetur adipiscing elit, sed do eiusmod tempor incididunt ut labore et dolore magna aliqua. Ut enim ad minim veniam, quis nostrud exercitation ullamco laboris nisi ut aliquip ex ea commodo consequat. Duis aute irure dolor in reprehenderit in voluptate velit esse cillum dolore eu fugiat nulla pariatur. Excepteur sint occaecat cupidatat non proident, sunt in culpa qui officia deserunt mollit anim id est laborum.', 'in progress', '2025-07-11 11:29:56', '2025-09-09 14:27:11', NULL, NULL, NULL, NULL, NULL, NULL),
	(3, '24-03', 0, NULL, 'lab_mosquitoes', '24-03', NULL, 1, 1, NULL, NULL, NULL, NULL, 'kjkkj', 'completed', '2025-07-11 11:29:56', '2025-09-26 06:40:57', NULL, NULL, NULL, NULL, NULL, NULL),
	(4, '24-04-A/GLP', 1, NULL, 'lab_mosquitoes', '24-04-A/GLP', NULL, 1, 1, NULL, NULL, NULL, NULL, NULL, 'in progress', '2025-07-11 11:29:56', '2025-09-26 15:32:21', NULL, NULL, NULL, NULL, NULL, NULL),
	(5, '24-04-B/GLP', 1, 'Evaluation_Phase_2', 'lab_mosquitoes', '24-04-B/GLP', NULL, 1, 17, '2026-03-01', '2026-03-01', '2026-04-10', '2026-04-10', 'Sed ut perspiciatis unde omnis iste natus error sit voluptatem accusantium doloremque laudantium, totam rem aperiam, eaque ipsa quae ab illo inventore veritatis et quasi architecto beatae vitae dicta sunt explicabo. Nemo enim ipsam voluptatem quia voluptas sit aspernatur aut odit aut fugit, sed quia consequuntur magni dolores eos qui ratione voluptatem sequi nesciunt. Neque porro quisquam est, qui dolorem ipsum quia dolor sit amet, consectetur, adipisci velit, sed quia non numquam eius modi tempora incidunt ut labore et dolore magnam aliquam quaerat voluptatem. Ut enim ad minima veniam, quis nostrum exercitationem ullam corporis suscipit laboriosam, nisi ut aliquid ex ea commodi consequatur? Quis autem vel eum iure reprehenderit qui in ea voluptate velit esse quam nihil molestiae consequatur, vel illum qui dolorem eum fugiat quo voluptas nulla pariatur', 'archived', '2025-07-11 11:29:56', '2026-03-30 07:51:44', '2026-03-24 13:21:05', '["study_creation", "protocol_details", "protocol_development", "planning", "experimental", "quality_assurance", "reporting", "archiving"]', '["physical_docs_archived", "raw_data_secured", "electronic_backup", "samples_stored", "personnel_notified"]', 18, NULL, NULL),
	(6, '24-05', 1, NULL, 'lab_mosquitoes', '24-05', NULL, 1, 1, NULL, NULL, NULL, NULL, NULL, 'suspended', '2025-07-11 11:29:56', '2026-03-16 08:07:39', NULL, NULL, NULL, NULL, NULL, NULL),
	(7, '24-06/GLP', 1, NULL, 'lab_mosquitoes', '24-06/GLP', NULL, 1, 1, NULL, NULL, NULL, NULL, NULL, 'in progress', '2025-07-11 11:29:56', '2026-03-23 10:45:42', NULL, NULL, NULL, NULL, NULL, NULL),
	(8, '24-07', 1, 'Evaluation_Phase_1', 'lab_mosquitoes', '24-07', 'P/24-07', 1, NULL, '2025-07-11', '2025-07-11', '2025-07-11', '2025-07-11', NULL, 'in progress', '2025-07-11 11:29:56', '2025-07-11 11:29:56', NULL, NULL, NULL, NULL, NULL, NULL),
	(9, '24-08', 1, 'Evaluation_Phase_1', 'lab_mosquitoes', '24-08', 'P/24-08', 1, NULL, '2025-07-11', '2025-07-11', '2025-07-11', '2025-07-11', NULL, 'in progress', '2025-07-11 11:29:56', '2025-07-11 11:29:56', NULL, NULL, NULL, NULL, NULL, NULL),
	(10, '24-09', 1, 'Evaluation_Phase_1', 'lab_mosquitoes', '24-09', 'P/24-09', 1, 1, NULL, NULL, NULL, NULL, NULL, 'in progress', '2025-07-11 11:29:56', '2026-03-25 13:52:10', NULL, '["study_creation", "protocol_details", "protocol_development", "planning", "experimental", "quality_assurance", "reporting"]', NULL, NULL, NULL, NULL),
	(11, '24-10', 1, 'Evaluation_Phase_1', 'lab_mosquitoes', '24-10', 'P/24-10', 1, NULL, '2025-07-11', '2025-07-11', '2025-07-11', '2025-07-11', NULL, 'in progress', '2025-07-11 11:29:56', '2025-07-14 14:49:41', NULL, NULL, NULL, NULL, NULL, NULL),
	(12, '24-11', 1, 'Evaluation_Phase_1', 'lab_mosquitoes', '24-11', 'P/24-11', 1, NULL, '2025-07-11', '2025-07-11', '2025-07-11', '2025-07-11', NULL, 'in progress', '2025-07-11 11:29:56', '2025-07-11 11:29:56', NULL, NULL, NULL, NULL, NULL, NULL),
	(13, '24-12', 1, 'Evaluation_Phase_1', 'lab_mosquitoes', '24-12', 'P/24-12', 1, NULL, '2025-07-11', '2025-07-11', '2025-07-11', '2025-07-11', NULL, 'completed', '2025-07-11 11:29:56', '2025-07-11 11:29:56', NULL, NULL, NULL, NULL, NULL, NULL),
	(14, '25-01', 1, 'Evaluation_Phase_1', 'lab_mosquitoes', '25-01', 'P/25-01', 1, NULL, '2025-07-11', '2025-07-11', '2025-07-11', '2025-07-11', NULL, 'completed', '2025-07-11 11:29:56', '2025-07-11 11:29:56', NULL, NULL, NULL, NULL, NULL, NULL),
	(15, '25-02/GLP', 1, 'Evaluation_Phase_1', 'lab_mosquitoes', '25-02/GLP', 'P/25-02/GLP', 1, NULL, '2025-07-11', '2025-07-11', '2025-07-11', '2025-07-11', NULL, 'archived', '2025-07-11 11:29:56', '2025-07-11 11:29:56', NULL, NULL, NULL, NULL, NULL, NULL),
	(16, '24-03-Y', 1, 'Evaluation_Phase_1', 'lab_mosquitoes', '24-03', '24-03', 13, 14, '2025-08-01', '2025-08-14', '2026-09-30', '2026-10-30', NULL, 'archived', '2025-07-14 11:05:34', '2026-03-25 15:01:55', '2026-03-25 15:01:51', '["study_creation", "protocol_details", "protocol_development", "planning", "experimental", "quality_assurance", "reporting", "archiving"]', '["physical_docs_archived", "raw_data_secured", "electronic_backup", "samples_stored", "personnel_notified"]', 18, NULL, NULL),
	(17, '25-11', 1, 'Evaluation_Phase_1', 'lab_mosquitoes', '25-11', '25-11', 14, 15, NULL, NULL, NULL, NULL, NULL, 'not_started', '2025-07-14 11:08:00', '2025-07-14 11:08:00', NULL, NULL, NULL, NULL, NULL, NULL),
	(18, '25-11/B', 1, 'Evaluation_Phase_1', 'lab_mosquitoes', '25-11/B', '25-11/B', 14, 17, NULL, NULL, NULL, NULL, NULL, 'archived', '2025-07-14 11:08:50', '2025-07-14 11:08:50', NULL, NULL, NULL, NULL, NULL, NULL),
	(19, '25-11/BD', 1, 'Evaluation_Phase_2', 'lab_mosquitoes', '25-11/B', '25-11/B', 14, 17, '2025-07-14', '2025-07-25', '2025-08-09', '2025-08-09', NULL, 'archived', '2025-07-14 11:10:44', '2026-03-24 14:57:21', '2026-03-24 14:57:17', '["study_creation", "protocol_details", "planning", "experimental", "quality_assurance", "reporting", "protocol_development", "archiving"]', '["physical_docs_archived", "raw_data_secured", "electronic_backup", "samples_stored", "personnel_notified"]', 18, NULL, NULL),
	(20, '24-03-YS', 1, 'Evaluation_Phase_1', 'lab_mosquitoes', '24-03', '25-11/B', 16, 15, NULL, NULL, NULL, NULL, NULL, 'not_started', '2025-07-14 11:16:43', '2025-07-14 11:16:43', NULL, NULL, NULL, NULL, NULL, NULL),
	(21, '24-03-YSfd', 1, 'Evaluation_Phase_1', 'lab_mosquitoes', '24-03', '25-11/B', 16, 15, NULL, NULL, NULL, NULL, NULL, 'not_started', '2025-07-14 11:17:09', '2025-07-14 11:17:09', NULL, NULL, NULL, NULL, NULL, NULL),
	(22, '24-03sd', 1, 'Evaluation_Phase_1', 'lab_mosquitoes', '25-11/B', '25-11', NULL, NULL, NULL, NULL, NULL, NULL, NULL, 'not_started', '2025-07-14 11:22:56', '2025-07-14 11:22:56', NULL, NULL, NULL, NULL, NULL, NULL),
	(23, '24-03-GD', 1, 'Evaluation_Phase_1', 'lab_mosquitoes', '24-03-GD', '24-03-GD', 9, 8, NULL, NULL, NULL, NULL, NULL, 'in progress', '2025-07-16 11:44:51', '2025-07-16 11:44:51', NULL, NULL, NULL, NULL, NULL, NULL),
	(24, '24-03-GDD', 1, 'Evaluation_Phase_2', 'lab_mosquitoes', '24-03-GD', '24-03-GD', 9, 8, NULL, NULL, NULL, NULL, NULL, 'in progress', '2025-07-16 11:45:37', '2025-07-16 11:45:37', NULL, NULL, NULL, NULL, NULL, NULL),
	(25, '24-03-BV', 1, 'Evaluation_Phase_1', 'field_mosquitoes', 'SDF', 'ezzz', 13, 16, '2026-03-01', '2026-03-01', '2026-03-26', '2026-03-26', NULL, 'in progress', '2025-08-21 13:23:09', '2026-03-27 16:16:08', NULL, '["study_creation", "protocol_details", "experimental", "planning", "quality_assurance", "protocol_development", "reporting", "archiving"]', '["physical_docs_archived", "raw_data_secured", "electronic_backup", "samples_stored", "personnel_notified"]', NULL, '2026-03-27', 'archive_deposition_forms/2JLrjkw9zVRf2nEhgSJgJ0gUWTXAGRbnM1uSVR4n.pdf'),
	(26, 'MD311', 1, NULL, NULL, 'ddd', NULL, NULL, NULL, NULL, NULL, NULL, NULL, NULL, 'not_started', '2025-08-21 13:23:52', '2025-08-21 13:23:52', NULL, NULL, NULL, NULL, NULL, NULL),
	(27, '364818', 0, NULL, NULL, 'dd', NULL, NULL, NULL, NULL, NULL, NULL, NULL, NULL, 'not_started', '2025-09-01 14:28:15', '2025-09-01 14:28:15', NULL, NULL, NULL, NULL, NULL, NULL),
	(28, '383120', 0, NULL, NULL, 'dd', NULL, NULL, NULL, NULL, NULL, NULL, NULL, NULL, 'not_started', '2025-09-01 14:49:44', '2025-09-01 14:49:44', NULL, NULL, NULL, NULL, NULL, NULL),
	(29, 'fd', 0, NULL, NULL, 'dd', NULL, NULL, NULL, NULL, NULL, NULL, NULL, NULL, 'not_started', '2025-09-01 14:55:14', '2025-09-01 14:55:14', NULL, NULL, NULL, NULL, NULL, NULL),
	(30, '25-89', 0, NULL, NULL, 'DDDD', NULL, NULL, NULL, NULL, NULL, NULL, NULL, NULL, 'not_started', '2025-09-01 15:06:07', '2025-09-01 15:06:07', NULL, NULL, NULL, NULL, NULL, NULL),
	(31, '364818dd', 0, NULL, NULL, 'dd', NULL, NULL, NULL, NULL, NULL, NULL, NULL, NULL, 'not_started', '2025-09-01 15:16:14', '2025-09-01 15:16:14', NULL, NULL, NULL, NULL, NULL, NULL),
	(32, '081270fff', 0, 'Evaluation_Phase_1', 'lab_mosquitoes', 'ddd', NULL, 13, 1, NULL, NULL, NULL, NULL, NULL, 'not_started', '2025-09-01 15:16:50', '2025-09-03 17:56:52', NULL, NULL, NULL, NULL, NULL, NULL),
	(33, 'MD311 NEW', 0, NULL, NULL, 'dd', NULL, NULL, NULL, NULL, NULL, NULL, NULL, NULL, 'not_started', '2025-09-01 15:20:32', '2025-09-01 15:20:32', NULL, NULL, NULL, NULL, NULL, NULL),
	(34, '25-01A', 1, 'Evaluation_Phase_1', 'field_mosquitoes', '25-01A', NULL, 5, 8, '2026-03-27', '2026-03-27', '2026-03-27', '2026-03-27', NULL, 'suspended', '2025-09-10 17:18:51', '2026-03-27 08:33:33', NULL, NULL, NULL, NULL, NULL, NULL),
	(35, 'MD311ddd', 1, NULL, NULL, 'ggddd', NULL, NULL, NULL, NULL, NULL, NULL, NULL, NULL, 'not_started', '2025-09-10 17:21:54', '2025-09-10 17:21:54', NULL, NULL, NULL, NULL, NULL, NULL),
	(36, '364818ddd', 0, NULL, 'lab_mosquitoes', 'Bon projet', NULL, 1, 1, NULL, NULL, NULL, NULL, 'ça a bien démarré', 'in progress', '2025-09-10 17:26:27', '2025-09-10 21:41:41', NULL, NULL, NULL, NULL, NULL, NULL),
	(37, '26-01', 0, NULL, NULL, '26-01', NULL, NULL, NULL, NULL, NULL, NULL, NULL, NULL, 'not_started', '2026-02-23 13:50:44', '2026-02-23 13:50:44', NULL, NULL, NULL, NULL, NULL, NULL);

-- Listage de la structure de la table crec_rh_system_db. pro_projects_phases_activities_owners
CREATE TABLE IF NOT EXISTS `pro_projects_phases_activities_owners` (
  `id` bigint unsigned NOT NULL AUTO_INCREMENT,
  `project_id` int NOT NULL,
  `activity_id` int NOT NULL,
  `task_owner_id` int NOT NULL,
  `date_execution_prevue` date DEFAULT NULL,
  `date_execution_effective` date DEFAULT NULL,
  `remarks` text CHARACTER SET utf8mb4 COLLATE utf8mb4_unicode_ci,
  `created_at` timestamp NULL DEFAULT NULL,
  `updated_at` timestamp NULL DEFAULT NULL,
  PRIMARY KEY (`id`)
) ENGINE=InnoDB DEFAULT CHARSET=utf8mb4 COLLATE=utf8mb4_unicode_ci;

-- Listage des données de la table crec_rh_system_db.pro_projects_phases_activities_owners : ~0 rows (environ)

-- Listage de la structure de la table crec_rh_system_db. pro_projects_phases_relationship
CREATE TABLE IF NOT EXISTS `pro_projects_phases_relationship` (
  `id` bigint unsigned NOT NULL AUTO_INCREMENT,
  `project_id` int NOT NULL,
  `phase_id` int NOT NULL,
  `created_at` timestamp NULL DEFAULT NULL,
  `updated_at` timestamp NULL DEFAULT NULL,
  PRIMARY KEY (`id`)
) ENGINE=InnoDB DEFAULT CHARSET=utf8mb4 COLLATE=utf8mb4_unicode_ci;

-- Listage des données de la table crec_rh_system_db.pro_projects_phases_relationship : ~0 rows (environ)

-- Listage de la structure de la table crec_rh_system_db. pro_projects_related_lab_tests
CREATE TABLE IF NOT EXISTS `pro_projects_related_lab_tests` (
  `id` bigint unsigned NOT NULL AUTO_INCREMENT,
  `project_id` bigint unsigned NOT NULL,
  `lab_test_id` bigint unsigned NOT NULL,
  `created_at` timestamp NULL DEFAULT NULL,
  `updated_at` timestamp NULL DEFAULT NULL,
  PRIMARY KEY (`id`)
) ENGINE=InnoDB AUTO_INCREMENT=77 DEFAULT CHARSET=utf8mb4 COLLATE=utf8mb4_unicode_ci;

-- Listage des données de la table crec_rh_system_db.pro_projects_related_lab_tests : ~35 rows (environ)
INSERT INTO `pro_projects_related_lab_tests` (`id`, `project_id`, `lab_test_id`, `created_at`, `updated_at`) VALUES
	(17, 36, 1, '2025-09-10 21:41:41', '2025-09-10 21:41:41'),
	(18, 36, 2, '2025-09-10 21:41:41', '2025-09-10 21:41:41'),
	(19, 36, 3, '2025-09-10 21:41:41', '2025-09-10 21:41:41'),
	(32, 3, 2, '2025-09-26 06:40:57', '2025-09-26 06:40:57'),
	(33, 3, 3, '2025-09-26 06:40:57', '2025-09-26 06:40:57'),
	(34, 3, 4, '2025-09-26 06:40:57', '2025-09-26 06:40:57'),
	(35, 4, 1, '2025-09-26 15:32:21', '2025-09-26 15:32:21'),
	(36, 4, 2, '2025-09-26 15:32:21', '2025-09-26 15:32:21'),
	(37, 4, 3, '2025-09-26 15:32:21', '2025-09-26 15:32:21'),
	(38, 4, 4, '2025-09-26 15:32:21', '2025-09-26 15:32:21'),
	(39, 4, 5, '2025-09-26 15:32:21', '2025-09-26 15:32:21'),
	(40, 37, 1, '2026-02-23 13:50:44', '2026-02-23 13:50:44'),
	(41, 37, 2, '2026-02-23 13:50:44', '2026-02-23 13:50:44'),
	(42, 37, 3, '2026-02-23 13:50:44', '2026-02-23 13:50:44'),
	(45, 6, 1, '2026-03-16 08:07:39', '2026-03-16 08:07:39'),
	(46, 6, 2, '2026-03-16 08:07:39', '2026-03-16 08:07:39'),
	(47, 7, 1, '2026-03-23 10:45:42', '2026-03-23 10:45:42'),
	(48, 7, 2, '2026-03-23 10:45:42', '2026-03-23 10:45:42'),
	(49, 7, 3, '2026-03-23 10:45:42', '2026-03-23 10:45:42'),
	(52, 1, 2, '2026-03-23 16:07:28', '2026-03-23 16:07:28'),
	(53, 1, 3, '2026-03-23 16:07:28', '2026-03-23 16:07:28'),
	(59, 5, 1, '2026-03-24 13:11:12', '2026-03-24 13:11:12'),
	(60, 5, 2, '2026-03-24 13:11:12', '2026-03-24 13:11:12'),
	(61, 5, 3, '2026-03-24 13:11:12', '2026-03-24 13:11:12'),
	(62, 5, 4, '2026-03-24 13:11:12', '2026-03-24 13:11:12'),
	(63, 5, 5, '2026-03-24 13:11:12', '2026-03-24 13:11:12'),
	(64, 19, 2, '2026-03-24 14:01:13', '2026-03-24 14:01:13'),
	(65, 19, 3, '2026-03-24 14:01:13', '2026-03-24 14:01:13'),
	(66, 10, 1, '2026-03-25 07:09:10', '2026-03-25 07:09:10'),
	(67, 10, 2, '2026-03-25 07:09:10', '2026-03-25 07:09:10'),
	(68, 16, 3, '2026-03-25 14:50:27', '2026-03-25 14:50:27'),
	(69, 16, 4, '2026-03-25 14:50:27', '2026-03-25 14:50:27'),
	(72, 34, 1, '2026-03-27 08:33:33', '2026-03-27 08:33:33'),
	(75, 25, 1, '2026-03-27 10:15:57', '2026-03-27 10:15:57'),
	(76, 25, 2, '2026-03-27 10:15:57', '2026-03-27 10:15:57');

-- Listage de la structure de la table crec_rh_system_db. pro_projects_related_product_types
CREATE TABLE IF NOT EXISTS `pro_projects_related_product_types` (
  `id` bigint unsigned NOT NULL AUTO_INCREMENT,
  `project_id` bigint unsigned NOT NULL,
  `product_type_id` bigint unsigned NOT NULL,
  `created_at` timestamp NULL DEFAULT NULL,
  `updated_at` timestamp NULL DEFAULT NULL,
  PRIMARY KEY (`id`)
) ENGINE=InnoDB AUTO_INCREMENT=68 DEFAULT CHARSET=utf8mb4 COLLATE=utf8mb4_unicode_ci;

-- Listage des données de la table crec_rh_system_db.pro_projects_related_product_types : ~31 rows (environ)
INSERT INTO `pro_projects_related_product_types` (`id`, `project_id`, `product_type_id`, `created_at`, `updated_at`) VALUES
	(15, 36, 2, '2025-09-10 21:41:41', '2025-09-10 21:41:41'),
	(16, 36, 3, '2025-09-10 21:41:41', '2025-09-10 21:41:41'),
	(27, 3, 1, '2025-09-26 06:40:57', '2025-09-26 06:40:57'),
	(28, 3, 2, '2025-09-26 06:40:57', '2025-09-26 06:40:57'),
	(29, 3, 3, '2025-09-26 06:40:57', '2025-09-26 06:40:57'),
	(30, 4, 1, '2025-09-26 15:32:21', '2025-09-26 15:32:21'),
	(31, 4, 2, '2025-09-26 15:32:21', '2025-09-26 15:32:21'),
	(32, 4, 3, '2025-09-26 15:32:21', '2025-09-26 15:32:21'),
	(33, 4, 4, '2025-09-26 15:32:21', '2025-09-26 15:32:21'),
	(34, 37, 1, '2026-02-23 13:50:44', '2026-02-23 13:50:44'),
	(35, 37, 2, '2026-02-23 13:50:44', '2026-02-23 13:50:44'),
	(38, 6, 1, '2026-03-16 08:07:39', '2026-03-16 08:07:39'),
	(39, 6, 2, '2026-03-16 08:07:39', '2026-03-16 08:07:39'),
	(40, 7, 1, '2026-03-23 10:45:42', '2026-03-23 10:45:42'),
	(41, 7, 2, '2026-03-23 10:45:42', '2026-03-23 10:45:42'),
	(42, 7, 3, '2026-03-23 10:45:42', '2026-03-23 10:45:42'),
	(45, 1, 1, '2026-03-23 16:07:28', '2026-03-23 16:07:28'),
	(46, 1, 2, '2026-03-23 16:07:28', '2026-03-23 16:07:28'),
	(51, 5, 1, '2026-03-24 13:11:12', '2026-03-24 13:11:12'),
	(52, 5, 2, '2026-03-24 13:11:12', '2026-03-24 13:11:12'),
	(53, 5, 3, '2026-03-24 13:11:12', '2026-03-24 13:11:12'),
	(54, 5, 4, '2026-03-24 13:11:12', '2026-03-24 13:11:12'),
	(55, 19, 1, '2026-03-24 14:01:13', '2026-03-24 14:01:13'),
	(56, 19, 2, '2026-03-24 14:01:13', '2026-03-24 14:01:13'),
	(57, 10, 1, '2026-03-25 07:09:10', '2026-03-25 07:09:10'),
	(58, 10, 2, '2026-03-25 07:09:10', '2026-03-25 07:09:10'),
	(59, 16, 1, '2026-03-25 14:50:27', '2026-03-25 14:50:27'),
	(60, 16, 2, '2026-03-25 14:50:27', '2026-03-25 14:50:27'),
	(63, 34, 1, '2026-03-27 08:33:33', '2026-03-27 08:33:33'),
	(66, 25, 1, '2026-03-27 10:15:57', '2026-03-27 10:15:57'),
	(67, 25, 2, '2026-03-27 10:15:57', '2026-03-27 10:15:57');

-- Listage de la structure de la table crec_rh_system_db. pro_projects_related_study_types
CREATE TABLE IF NOT EXISTS `pro_projects_related_study_types` (
  `id` bigint unsigned NOT NULL AUTO_INCREMENT,
  `project_id` bigint unsigned NOT NULL,
  `study_type_id` bigint unsigned NOT NULL,
  `created_at` timestamp NULL DEFAULT NULL,
  `updated_at` timestamp NULL DEFAULT NULL,
  PRIMARY KEY (`id`)
) ENGINE=InnoDB AUTO_INCREMENT=67 DEFAULT CHARSET=utf8mb4 COLLATE=utf8mb4_unicode_ci;

-- Listage des données de la table crec_rh_system_db.pro_projects_related_study_types : ~30 rows (environ)
INSERT INTO `pro_projects_related_study_types` (`id`, `project_id`, `study_type_id`, `created_at`, `updated_at`) VALUES
	(15, 36, 1, '2025-09-10 21:41:41', '2025-09-10 21:41:41'),
	(16, 36, 2, '2025-09-10 21:41:41', '2025-09-10 21:41:41'),
	(27, 3, 1, '2025-09-26 06:40:57', '2025-09-26 06:40:57'),
	(28, 3, 2, '2025-09-26 06:40:57', '2025-09-26 06:40:57'),
	(29, 3, 3, '2025-09-26 06:40:57', '2025-09-26 06:40:57'),
	(30, 4, 1, '2025-09-26 15:32:21', '2025-09-26 15:32:21'),
	(31, 4, 2, '2025-09-26 15:32:21', '2025-09-26 15:32:21'),
	(32, 4, 3, '2025-09-26 15:32:21', '2025-09-26 15:32:21'),
	(33, 4, 4, '2025-09-26 15:32:21', '2025-09-26 15:32:21'),
	(34, 37, 1, '2026-02-23 13:50:44', '2026-02-23 13:50:44'),
	(35, 37, 2, '2026-02-23 13:50:44', '2026-02-23 13:50:44'),
	(38, 6, 1, '2026-03-16 08:07:39', '2026-03-16 08:07:39'),
	(39, 6, 2, '2026-03-16 08:07:39', '2026-03-16 08:07:39'),
	(40, 7, 1, '2026-03-23 10:45:42', '2026-03-23 10:45:42'),
	(41, 7, 2, '2026-03-23 10:45:42', '2026-03-23 10:45:42'),
	(44, 1, 1, '2026-03-23 16:07:28', '2026-03-23 16:07:28'),
	(45, 1, 3, '2026-03-23 16:07:28', '2026-03-23 16:07:28'),
	(50, 5, 1, '2026-03-24 13:11:12', '2026-03-24 13:11:12'),
	(51, 5, 2, '2026-03-24 13:11:12', '2026-03-24 13:11:12'),
	(52, 5, 3, '2026-03-24 13:11:12', '2026-03-24 13:11:12'),
	(53, 5, 4, '2026-03-24 13:11:12', '2026-03-24 13:11:12'),
	(54, 19, 1, '2026-03-24 14:01:13', '2026-03-24 14:01:13'),
	(55, 19, 2, '2026-03-24 14:01:13', '2026-03-24 14:01:13'),
	(56, 10, 1, '2026-03-25 07:09:10', '2026-03-25 07:09:10'),
	(57, 10, 2, '2026-03-25 07:09:10', '2026-03-25 07:09:10'),
	(58, 16, 1, '2026-03-25 14:50:27', '2026-03-25 14:50:27'),
	(59, 16, 2, '2026-03-25 14:50:27', '2026-03-25 14:50:27'),
	(62, 34, 1, '2026-03-27 08:33:33', '2026-03-27 08:33:33'),
	(65, 25, 1, '2026-03-27 10:15:57', '2026-03-27 10:15:57'),
	(66, 25, 2, '2026-03-27 10:15:57', '2026-03-27 10:15:57');

-- Listage de la structure de la table crec_rh_system_db. pro_projects_study_phases_completed
CREATE TABLE IF NOT EXISTS `pro_projects_study_phases_completed` (
  `id` bigint unsigned NOT NULL AUTO_INCREMENT,
  `project_id` int unsigned NOT NULL,
  `project_code` varchar(50) COLLATE utf8mb4_unicode_ci NOT NULL,
  `study_phase_id` int unsigned NOT NULL,
  `date_start` date DEFAULT NULL,
  `date_end` date DEFAULT NULL,
  `evidence1_file` varchar(255) COLLATE utf8mb4_unicode_ci DEFAULT NULL,
  `url_evidence1_file` varchar(255) COLLATE utf8mb4_unicode_ci DEFAULT NULL,
  `evidence2_file` varchar(255) COLLATE utf8mb4_unicode_ci DEFAULT NULL,
  `url_evidence2_file` varchar(255) COLLATE utf8mb4_unicode_ci DEFAULT NULL,
  `date_update_start` date DEFAULT NULL,
  `date_update_end` date DEFAULT NULL,
  `created_at` timestamp NULL DEFAULT NULL,
  `updated_at` timestamp NULL DEFAULT NULL,
  PRIMARY KEY (`id`),
  KEY `pro_projects_study_phases_completed_project_id_index` (`project_id`),
  KEY `pro_projects_study_phases_completed_study_phase_id_index` (`study_phase_id`)
) ENGINE=InnoDB AUTO_INCREMENT=8 DEFAULT CHARSET=utf8mb4 COLLATE=utf8mb4_unicode_ci;

-- Listage des données de la table crec_rh_system_db.pro_projects_study_phases_completed : ~0 rows (environ)
INSERT INTO `pro_projects_study_phases_completed` (`id`, `project_id`, `project_code`, `study_phase_id`, `date_start`, `date_end`, `evidence1_file`, `url_evidence1_file`, `evidence2_file`, `url_evidence2_file`, `date_update_start`, `date_update_end`, `created_at`, `updated_at`) VALUES
	(7, 19, '25-11/BD', 11, '2025-07-30', '2025-07-31', 'APDP Courrier arrivé le 16 07 2025.pdf', 'storage/evidence_files/APDP Courrier arrivé le 16 07 2025.pdf', 'APDP Courrier arrivé le 16 07 2025.pdf', 'storage/evidence_files/APDP Courrier arrivé le 16 07 2025.pdf', '2025-07-22', '2025-07-22', '2025-07-22 09:56:18', '2025-07-22 09:56:18');

-- Listage de la structure de la table crec_rh_system_db. pro_projects_team
CREATE TABLE IF NOT EXISTS `pro_projects_team` (
  `id` bigint unsigned NOT NULL AUTO_INCREMENT,
  `project_id` int NOT NULL,
  `staff_id` int NOT NULL,
  `role` varchar(255) CHARACTER SET utf8mb4 COLLATE utf8mb4_unicode_ci DEFAULT NULL,
  `date_joined` date DEFAULT NULL,
  `date_end` date DEFAULT NULL,
  `created_at` timestamp NULL DEFAULT NULL,
  `updated_at` timestamp NULL DEFAULT NULL,
  PRIMARY KEY (`id`)
) ENGINE=InnoDB AUTO_INCREMENT=16 DEFAULT CHARSET=utf8mb4 COLLATE=utf8mb4_unicode_ci;

-- Listage des données de la table crec_rh_system_db.pro_projects_team : ~8 rows (environ)
INSERT INTO `pro_projects_team` (`id`, `project_id`, `staff_id`, `role`, `date_joined`, `date_end`, `created_at`, `updated_at`) VALUES
	(1, 24, 8, '', NULL, NULL, '2025-07-16 11:45:37', '2025-07-16 11:45:37'),
	(2, 24, 10, '', NULL, NULL, '2025-07-16 11:45:37', '2025-07-16 11:45:37'),
	(3, 24, 11, '', NULL, NULL, '2025-07-16 11:45:37', '2025-07-16 11:45:37'),
	(10, 19, 7, '', NULL, NULL, '2025-07-16 12:07:48', '2025-07-16 12:07:48'),
	(11, 19, 8, '', NULL, NULL, '2025-07-16 12:07:48', '2025-07-16 12:07:48'),
	(12, 19, 10, '', NULL, NULL, '2025-07-16 12:07:48', '2025-07-16 12:07:48'),
	(13, 25, 5, '', NULL, NULL, '2026-03-27 10:05:53', '2026-03-27 10:05:53'),
	(14, 25, 101, '', NULL, NULL, '2026-03-27 10:05:53', '2026-03-27 10:05:53');

-- Listage de la structure de la table crec_rh_system_db. pro_project_critical_phases_identified
CREATE TABLE IF NOT EXISTS `pro_project_critical_phases_identified` (
  `id` bigint unsigned NOT NULL AUTO_INCREMENT,
  `project_id` bigint unsigned NOT NULL,
  `activity_id` bigint unsigned NOT NULL,
  `inspection_date` date DEFAULT NULL,
  `created_at` timestamp NULL DEFAULT NULL,
  `updated_at` timestamp NULL DEFAULT NULL,
  PRIMARY KEY (`id`)
) ENGINE=InnoDB DEFAULT CHARSET=utf8mb4 COLLATE=utf8mb4_unicode_ci;

-- Listage des données de la table crec_rh_system_db.pro_project_critical_phases_identified : ~0 rows (environ)

-- Listage de la structure de la table crec_rh_system_db. pro_protocols_devs_activities
CREATE TABLE IF NOT EXISTS `pro_protocols_devs_activities` (
  `id` bigint unsigned NOT NULL AUTO_INCREMENT,
  `nom_activite` varchar(255) COLLATE utf8mb4_unicode_ci NOT NULL,
  `description_activite` text COLLATE utf8mb4_unicode_ci,
  `level_activite` int NOT NULL,
  `staff_role_perform` enum('Study Director','Facility Manager','Quality Assurance','Project Manager','Other') COLLATE utf8mb4_unicode_ci DEFAULT NULL,
  `alternative_staff_role_perform` enum('Study Director','Facility Manager','Quality Assurance','Project Manager','Other') COLLATE utf8mb4_unicode_ci DEFAULT NULL,
  `multipicite` enum('une_fois','plusieurs_fois') COLLATE utf8mb4_unicode_ci NOT NULL DEFAULT 'une_fois',
  `created_at` timestamp NULL DEFAULT NULL,
  `updated_at` timestamp NULL DEFAULT NULL,
  PRIMARY KEY (`id`)
) ENGINE=InnoDB AUTO_INCREMENT=6 DEFAULT CHARSET=utf8mb4 COLLATE=utf8mb4_unicode_ci;

-- Listage des données de la table crec_rh_system_db.pro_protocols_devs_activities : ~5 rows (environ)
INSERT INTO `pro_protocols_devs_activities` (`id`, `nom_activite`, `description_activite`, `level_activite`, `staff_role_perform`, `alternative_staff_role_perform`, `multipicite`, `created_at`, `updated_at`) VALUES
	(1, 'SD uploads Draft Protocol', 'SD uploads Draft Protocol', 1, 'Study Director', 'Project Manager', 'une_fois', '2025-09-08 13:58:57', '2025-09-08 13:58:57'),
	(2, 'QA Inspection of Draft', 'QA Inspection of Draft', 2, 'Quality Assurance', 'Quality Assurance', 'plusieurs_fois', '2025-09-08 13:58:57', '2025-09-08 13:58:57'),
	(3, 'Final Approved Protocol (signed)', 'Final Approved Protocol (signed)', 3, 'Facility Manager', 'Study Director', 'une_fois', '2025-09-08 13:58:57', '2025-09-08 13:58:57'),
	(4, 'QA Inspection of Final Protocol', 'QA Inspection of Final Protocol', 4, 'Quality Assurance', 'Quality Assurance', 'plusieurs_fois', '2025-09-08 13:58:57', '2025-09-08 13:58:57'),
	(5, 'Protocol Amendment / Deviation', 'Protocol Amendment / Deviation', 5, 'Study Director', 'Project Manager', 'plusieurs_fois', '2025-09-08 13:58:57', '2025-09-08 13:58:57');

-- Listage de la structure de la table crec_rh_system_db. pro_protocols_devs_activities_projects
CREATE TABLE IF NOT EXISTS `pro_protocols_devs_activities_projects` (
  `id` bigint unsigned NOT NULL AUTO_INCREMENT,
  `project_id` bigint unsigned NOT NULL,
  `protocol_dev_activity_id` bigint unsigned NOT NULL,
  `date_performed` date DEFAULT NULL,
  `real_date_performed` date DEFAULT NULL,
  `date_upload` date DEFAULT NULL,
  `qa_inspection_id` bigint unsigned DEFAULT NULL,
  `due_date_performed` date DEFAULT NULL,
  `staff_id_performed` bigint unsigned DEFAULT NULL,
  `staff_id_assigned` bigint unsigned DEFAULT NULL,
  `staff_role` varchar(255) COLLATE utf8mb4_unicode_ci DEFAULT NULL,
  `document_file_path` varchar(255) CHARACTER SET utf8mb4 COLLATE utf8mb4_unicode_ci DEFAULT NULL,
  `applicable` tinyint(1) NOT NULL DEFAULT '1',
  `level_activite` int DEFAULT NULL,
  `complete` tinyint(1) NOT NULL DEFAULT '0',
  `created_at` timestamp NULL DEFAULT NULL,
  `updated_at` timestamp NULL DEFAULT NULL,
  PRIMARY KEY (`id`),
  KEY `pro_protocols_devs_activities_projects_qa_inspection_id_foreign` (`qa_inspection_id`),
  CONSTRAINT `pro_protocols_devs_activities_projects_qa_inspection_id_foreign` FOREIGN KEY (`qa_inspection_id`) REFERENCES `pro_qa_inspections` (`id`) ON DELETE SET NULL
) ENGINE=InnoDB AUTO_INCREMENT=71 DEFAULT CHARSET=utf8mb4 COLLATE=utf8mb4_unicode_ci;

-- Listage des données de la table crec_rh_system_db.pro_protocols_devs_activities_projects : ~65 rows (environ)
INSERT INTO `pro_protocols_devs_activities_projects` (`id`, `project_id`, `protocol_dev_activity_id`, `date_performed`, `real_date_performed`, `date_upload`, `qa_inspection_id`, `due_date_performed`, `staff_id_performed`, `staff_id_assigned`, `staff_role`, `document_file_path`, `applicable`, `level_activite`, `complete`, `created_at`, `updated_at`) VALUES
	(6, 4, 1, '2025-09-09', '2025-09-09', NULL, NULL, NULL, 23, 1, 'Study Director', 'protocol_dev/VDUCsIPONDNDxx0ZKmKD5NcjKljDbUA2m6JDjjqX.pdf', 1, 1, 1, '2025-09-08 16:18:45', '2025-09-09 12:42:12'),
	(7, 4, 2, '2025-09-09', '2025-09-09', NULL, NULL, NULL, 23, 23, 'Quality Assurance', 'protocol_dev/siNfJQyQ1QitYu6IK2wJGHh0OF6qBYoRdefj96Ad.pdf', 1, 2, 1, '2025-09-08 16:18:45', '2025-09-09 12:42:12'),
	(8, 4, 3, '2025-09-09', '2025-09-09', NULL, NULL, NULL, 23, 1, 'Facility Manager', 'protocol_dev/M9J22Sy1ERiqtHh5OJakb35gQCXPBJChSki4lAQ6.pdf', 1, 3, 1, '2025-09-08 16:18:45', '2025-09-09 12:42:12'),
	(9, 4, 4, '2025-09-09', '2025-09-09', NULL, NULL, NULL, 23, 23, 'Quality Assurance', 'protocol_dev/V6VendjSHtjS3LWNND6dO5uIXrdzJJ7vPyMkKOcx.pdf', 1, 4, 1, '2025-09-08 16:18:45', '2025-09-09 12:42:32'),
	(10, 4, 5, NULL, NULL, NULL, NULL, NULL, 1, 1, 'Study Director', NULL, 1, 5, 0, '2025-09-08 16:18:45', '2025-09-09 12:42:12'),
	(11, 2, 1, NULL, NULL, NULL, NULL, NULL, NULL, 1, 'Study Director', NULL, 1, 1, 0, '2025-09-09 14:37:46', '2025-09-09 14:37:46'),
	(12, 2, 2, NULL, NULL, NULL, NULL, NULL, NULL, 23, 'Quality Assurance', NULL, 1, 2, 0, '2025-09-09 14:37:46', '2025-09-09 14:37:46'),
	(13, 2, 3, NULL, NULL, NULL, NULL, NULL, NULL, 1, 'Facility Manager', NULL, 1, 3, 0, '2025-09-09 14:37:46', '2025-09-09 14:37:46'),
	(14, 2, 4, NULL, NULL, NULL, NULL, NULL, NULL, 23, 'Quality Assurance', NULL, 1, 4, 0, '2025-09-09 14:37:46', '2025-09-09 14:37:46'),
	(15, 2, 5, NULL, NULL, NULL, NULL, NULL, NULL, 1, 'Study Director', NULL, 1, 5, 0, '2025-09-09 14:37:46', '2025-09-09 14:37:46'),
	(16, 5, 1, '2025-09-09', '2025-09-10', NULL, NULL, NULL, 23, 1, 'Study Director', 'protocol_dev/X82NM50Hut5lpU8xHE6InZs6oabl3A9WSff1Nut9.pdf', 1, 1, 1, '2025-09-10 15:10:48', '2026-03-24 13:04:48'),
	(17, 5, 2, '2026-03-24', '2026-03-24', NULL, NULL, NULL, 23, 23, 'Quality Assurance', 'protocol_dev/VczldzNjIPwjYSgGJYqkkltS6e04iBgFw6US1qnM.pdf', 1, 2, 1, '2025-09-10 15:10:48', '2026-03-24 13:05:18'),
	(18, 5, 3, '2026-03-24', '2026-03-24', NULL, NULL, NULL, 23, 1, 'Facility Manager', 'protocol_dev/dtmUVHOIRDODrR1lElr0RmkIZbsxRt7lrEZYZ6rQ.pdf', 1, 3, 1, '2025-09-10 15:10:48', '2026-03-24 13:18:25'),
	(19, 5, 4, '2026-03-24', '2026-03-24', NULL, NULL, NULL, 23, 23, 'Quality Assurance', 'protocol_dev/27hzv94DwXfiwm4WoQ5mKr0t5hmZmRv3lq1QBjEE.pdf', 1, 4, 1, '2025-09-10 15:10:48', '2026-03-24 13:18:37'),
	(20, 5, 5, '2026-03-24', '2026-03-24', NULL, NULL, NULL, 23, 1, 'Study Director', 'protocol_dev/2pM93kJaOzCkLD0RBXgNoBHWq2ML769fyl1wh7kX.pdf', 1, 5, 1, '2025-09-10 15:10:48', '2026-03-24 13:18:48'),
	(21, 6, 1, '2025-09-03', '2025-09-17', NULL, NULL, NULL, 23, NULL, 'Study Director', 'protocol_dev/M92kgdoALRc5urKjUhD5aSaJPEzmB7LK8f89cF1r.pdf', 1, 1, 1, '2025-09-17 15:38:31', '2025-09-17 15:39:35'),
	(22, 6, 2, NULL, NULL, NULL, NULL, NULL, NULL, 23, 'Quality Assurance', NULL, 1, 2, 0, '2025-09-17 15:38:31', '2025-09-17 15:38:31'),
	(23, 6, 3, NULL, NULL, NULL, NULL, NULL, NULL, 1, 'Facility Manager', NULL, 1, 3, 0, '2025-09-17 15:38:31', '2025-09-17 15:38:31'),
	(24, 6, 4, NULL, NULL, NULL, NULL, NULL, NULL, 23, 'Quality Assurance', NULL, 1, 4, 0, '2025-09-17 15:38:31', '2025-09-17 15:38:31'),
	(25, 6, 5, NULL, NULL, NULL, NULL, NULL, NULL, NULL, 'Study Director', NULL, 1, 5, 0, '2025-09-17 15:38:31', '2025-09-17 15:38:31'),
	(26, 10, 1, '2026-03-25', '2026-03-25', NULL, NULL, NULL, 23, NULL, 'Study Director', 'protocol_dev/Eut1GvLwttGAE4SHBY4w3V8k4uzpyghF3zK7Dqoz.pdf', 1, 1, 1, '2025-09-19 07:38:08', '2026-03-25 07:10:47'),
	(27, 10, 2, '2026-03-25', '2026-03-25', NULL, NULL, NULL, 23, 23, 'Quality Assurance', 'protocol_dev/AYPn1Mp2I9wBrdcJndtvv7XYWMTF7iTTSPMRjDyh.pdf', 1, 2, 1, '2025-09-19 07:38:08', '2026-03-25 07:11:04'),
	(28, 10, 3, '2026-03-25', '2026-03-25', NULL, NULL, NULL, 23, 1, 'Facility Manager', 'protocol_dev/MyUEXAhEDOVv8aaZgHs5W6SotenEaVHnmpPSdA9b.pdf', 1, 3, 1, '2025-09-19 07:38:08', '2026-03-25 07:11:18'),
	(29, 10, 4, '2026-03-25', '2026-03-25', NULL, NULL, NULL, 23, 23, 'Quality Assurance', 'protocol_dev/gWhYuq7eTgfgufWDV3AwMHurrD65ng7GTxk6x8rj.pdf', 1, 4, 1, '2025-09-19 07:38:08', '2026-03-25 07:11:30'),
	(30, 10, 5, '2026-03-25', '2026-03-25', NULL, NULL, NULL, 23, NULL, 'Study Director', 'protocol_dev/25qjkqJzBaWggo1s0YMoVp6yfPgvYTCCcSEzQYrm.pdf', 1, 5, 1, '2025-09-19 07:38:08', '2026-03-25 07:11:41'),
	(31, 3, 1, '2026-02-25', '2026-02-25', NULL, NULL, NULL, 23, 1, 'Study Director', 'protocol_dev/3SJMpfGKMvdyBpm2asE03kJPwdgjByS2MrYv30QY.pdf', 1, 1, 1, '2025-09-26 06:39:56', '2026-02-25 12:40:39'),
	(32, 3, 2, '2026-02-18', '2026-02-25', NULL, NULL, NULL, 23, 23, 'Quality Assurance', 'protocol_dev/cPMqMebsJawMHKdo1spzzPOZbItPfJWwc8EIPHr6.pdf', 1, 2, 1, '2025-09-26 06:39:56', '2026-02-25 12:41:06'),
	(33, 3, 3, '2026-02-25', '2026-02-25', NULL, NULL, NULL, 23, 1, 'Facility Manager', 'protocol_dev/uirwi7helaXYByf0nTncgN0wzj8T9sXtmudQdIhm.pdf', 1, 3, 1, '2025-09-26 06:39:56', '2026-02-25 12:41:26'),
	(34, 3, 4, '2026-02-25', '2026-02-25', NULL, NULL, NULL, 23, 23, 'Quality Assurance', 'protocol_dev/7b2pUSY13eIBFGrx4hdRtu4MKeKq9BeZJ4L5rgJi.pdf', 1, 4, 1, '2025-09-26 06:39:56', '2026-02-25 12:41:47'),
	(35, 3, 5, '2026-02-25', '2026-02-25', NULL, NULL, NULL, 23, 1, 'Study Director', 'protocol_dev/FtyPK7Kmn2m6KRuuKwSZz4cVufxtUBeV38QNLWn1.pdf', 1, 5, 1, '2025-09-26 06:39:56', '2026-02-25 12:42:09'),
	(36, 13, 1, NULL, NULL, NULL, NULL, NULL, NULL, NULL, 'Study Director', NULL, 1, 1, 0, '2025-11-28 10:42:51', '2025-11-28 10:42:51'),
	(37, 13, 2, NULL, NULL, NULL, NULL, NULL, NULL, 23, 'Quality Assurance', NULL, 1, 2, 0, '2025-11-28 10:42:51', '2025-11-28 10:42:51'),
	(38, 13, 3, NULL, NULL, NULL, NULL, NULL, NULL, 1, 'Facility Manager', NULL, 1, 3, 0, '2025-11-28 10:42:51', '2025-11-28 10:42:51'),
	(39, 13, 4, NULL, NULL, NULL, NULL, NULL, NULL, 23, 'Quality Assurance', NULL, 1, 4, 0, '2025-11-28 10:42:51', '2025-11-28 10:42:51'),
	(40, 13, 5, NULL, NULL, NULL, NULL, NULL, NULL, NULL, 'Study Director', NULL, 1, 5, 0, '2025-11-28 10:42:51', '2025-11-28 10:42:51'),
	(41, 37, 1, NULL, NULL, NULL, NULL, NULL, NULL, NULL, 'Study Director', NULL, 1, 1, 0, '2026-02-23 13:52:49', '2026-02-23 13:52:49'),
	(42, 37, 2, NULL, NULL, NULL, NULL, NULL, NULL, 23, 'Quality Assurance', NULL, 1, 2, 0, '2026-02-23 13:52:49', '2026-02-23 13:52:49'),
	(43, 37, 3, NULL, NULL, NULL, NULL, NULL, NULL, 1, 'Facility Manager', NULL, 1, 3, 0, '2026-02-23 13:52:49', '2026-02-23 13:52:49'),
	(44, 37, 4, NULL, NULL, NULL, NULL, NULL, NULL, 23, 'Quality Assurance', NULL, 1, 4, 0, '2026-02-23 13:52:49', '2026-02-23 13:52:49'),
	(45, 37, 5, NULL, NULL, NULL, NULL, NULL, NULL, NULL, 'Study Director', NULL, 1, 5, 0, '2026-02-23 13:52:49', '2026-02-23 13:52:49'),
	(46, 1, 1, '2026-03-23', '2026-03-23', NULL, NULL, NULL, 23, NULL, 'Study Director', 'protocol_dev/1CHhoHMOKNKHoxeyUqjCLWfN1t02IviPxC6PBsMv.pdf', 1, 1, 1, '2026-03-23 12:14:16', '2026-03-23 12:14:31'),
	(47, 1, 2, '2026-03-16', '2026-03-23', NULL, NULL, NULL, 23, 23, 'Quality Assurance', 'protocol_dev/M2GI1OCbPHbpXl0lmo5cCcKFpSkwgPXy4lzovBba.pdf', 1, 2, 1, '2026-03-23 12:14:16', '2026-03-23 12:14:52'),
	(48, 1, 3, '2026-03-16', '2026-03-24', NULL, NULL, NULL, 23, 1, 'Facility Manager', 'protocol_dev/Mto3hkAUH5iEoxqlpepuQS2eciFmvEj7kLtJgazc.pdf', 1, 3, 1, '2026-03-23 12:14:16', '2026-03-24 12:21:22'),
	(49, 1, 4, '2026-03-24', '2026-03-24', NULL, NULL, NULL, 23, 23, 'Quality Assurance', 'protocol_dev/YKry7v1dgNidBdBOpVnYRn6scB6zW3nPwJNhl9oM.pdf', 1, 4, 1, '2026-03-23 12:14:16', '2026-03-24 12:21:35'),
	(50, 1, 5, '2026-03-24', '2026-03-24', NULL, NULL, NULL, 23, NULL, 'Study Director', 'protocol_dev/3szx077Ydz9x0Zt4z9AxfBJQRs429IuBlAhxPRci.pdf', 1, 5, 1, '2026-03-23 12:14:16', '2026-03-24 12:21:46'),
	(51, 19, 1, '2026-03-24', '2026-03-24', NULL, NULL, NULL, 23, NULL, 'Study Director', 'protocol_dev/OQPWBdcupOlsBKmvt32PU7v5feENzsZ5lUbREPQR.pdf', 1, 1, 1, '2026-03-24 14:00:48', '2026-03-24 14:55:36'),
	(52, 19, 2, '2026-03-24', '2026-03-24', NULL, NULL, NULL, 23, 23, 'Quality Assurance', 'protocol_dev/wTcX3DCfW1H02YAjXDgtZD6IsAWpgbfT1eM7FYhK.pdf', 1, 2, 1, '2026-03-24 14:00:48', '2026-03-24 14:55:48'),
	(53, 19, 3, '2026-03-24', '2026-03-24', NULL, NULL, NULL, 23, 1, 'Facility Manager', 'protocol_dev/hpNDXd112tPU9jMZ4hflomfq7eugo2DhXLRDGZER.pdf', 1, 3, 1, '2026-03-24 14:00:48', '2026-03-24 14:56:03'),
	(54, 19, 4, '2026-03-24', '2026-03-24', NULL, NULL, NULL, 23, 23, 'Quality Assurance', 'protocol_dev/KZeixjMTT19Fa1akxfsyernXiJm2lOACXZqB2HPV.pdf', 1, 4, 1, '2026-03-24 14:00:48', '2026-03-24 14:56:13'),
	(55, 19, 5, '2026-03-24', '2026-03-24', NULL, NULL, NULL, 23, NULL, 'Study Director', 'protocol_dev/M8a8VijKl3GK486fVbHrLWjvgpQ449RIjfu83Lm5.pdf', 1, 5, 1, '2026-03-24 14:00:48', '2026-03-24 14:56:28'),
	(56, 16, 1, '2026-03-25', '2026-03-25', NULL, NULL, NULL, 23, 13, 'Study Director', 'protocol_dev/hsVuzCFPPdyMvulSJnS1ur2rUUY6qGtjDu62l2zj.pdf', 1, 1, 1, '2026-03-25 14:53:17', '2026-03-25 14:53:34'),
	(57, 16, 2, '2026-03-25', '2026-03-25', NULL, NULL, NULL, 23, 23, 'Quality Assurance', 'protocol_dev/8GVPA70oGvSLidWBD48IaATD99xS1jte0xEx0bZd.pdf', 1, 2, 1, '2026-03-25 14:53:17', '2026-03-25 14:53:53'),
	(58, 16, 3, '2026-03-25', '2026-03-25', NULL, NULL, NULL, 23, 1, 'Facility Manager', 'protocol_dev/YUX5WSjwUGNKqN0EG2gTsoIiKPveOvVgNoD226Ra.pdf', 1, 3, 1, '2026-03-25 14:53:17', '2026-03-25 14:54:05'),
	(59, 16, 4, '2026-03-25', '2026-03-25', NULL, NULL, NULL, 23, 23, 'Quality Assurance', 'protocol_dev/PBkKwNx9IPHao9WRL28Mjk4oajlpPV9KZM4ekOgh.pdf', 1, 4, 1, '2026-03-25 14:53:17', '2026-03-25 14:54:17'),
	(60, 16, 5, '2026-03-25', '2026-03-25', NULL, NULL, NULL, 23, 13, 'Study Director', 'protocol_dev/AOJ8yqBBLvIsESv2rovQ0Sj0S7u9bI1zVJ8Iwpz6.pdf', 1, 5, 1, '2026-03-25 14:53:17', '2026-03-25 14:54:28'),
	(61, 7, 1, NULL, NULL, NULL, NULL, NULL, NULL, 6, 'Study Director', NULL, 1, 1, 0, '2026-03-26 14:08:01', '2026-03-26 14:08:01'),
	(62, 7, 2, NULL, NULL, NULL, NULL, NULL, NULL, 23, 'Quality Assurance', NULL, 1, 2, 0, '2026-03-26 14:08:01', '2026-03-26 14:08:01'),
	(63, 7, 3, NULL, NULL, NULL, NULL, NULL, NULL, 1, 'Facility Manager', NULL, 1, 3, 0, '2026-03-26 14:08:01', '2026-03-26 14:08:01'),
	(64, 7, 4, NULL, NULL, NULL, NULL, NULL, NULL, 23, 'Quality Assurance', NULL, 1, 4, 0, '2026-03-26 14:08:01', '2026-03-26 14:08:01'),
	(65, 7, 5, NULL, NULL, NULL, NULL, NULL, NULL, 6, 'Study Director', NULL, 1, 5, 0, '2026-03-26 14:08:01', '2026-03-26 14:08:01'),
	(66, 25, 1, '2026-03-27', '2026-03-27', '2026-03-27', 38, NULL, 23, 5, 'Study Director', 'protocol_dev/DoxO2IjT2LZ4kULYURs1nDqZzIP70o5J3hZJmUEg.pdf', 1, 1, 1, '2026-03-27 08:51:13', '2026-03-27 12:57:15'),
	(67, 25, 2, '2026-03-27', '2026-03-27', '2026-03-27', NULL, NULL, 23, 23, 'Quality Assurance', 'protocol_dev/jQR3RQRy8sAEpKDmzFnMYkFLf5Qs4vhmt6bawDTH.pdf', 1, 2, 1, '2026-03-27 08:51:14', '2026-03-27 12:58:01'),
	(68, 25, 3, '2026-03-27', '2026-03-27', '2026-03-27', NULL, NULL, 23, 1, 'Facility Manager', 'protocol_dev/5eNtQL7ddjvLfNEKYJS4kC8fTmIrH8Z88t1McL8I.pdf', 1, 3, 1, '2026-03-27 08:51:14', '2026-03-27 12:58:33'),
	(69, 25, 4, '2026-03-27', '2026-03-27', '2026-03-27', NULL, NULL, 23, 23, 'Quality Assurance', 'protocol_dev/rv31IisvxWNpLVUwNjZFLKZpC1nEoCsmc03nbaVQ.pdf', 1, 4, 1, '2026-03-27 08:51:14', '2026-03-27 12:58:58'),
	(70, 25, 5, '2026-03-27', '2026-03-27', NULL, NULL, NULL, 23, 5, 'Study Director', NULL, 1, 5, 1, '2026-03-27 08:51:14', '2026-03-27 14:11:37');

-- Listage de la structure de la table crec_rh_system_db. pro_protocol_dev_documents
CREATE TABLE IF NOT EXISTS `pro_protocol_dev_documents` (
  `id` bigint unsigned NOT NULL AUTO_INCREMENT,
  `activity_project_id` bigint unsigned NOT NULL,
  `project_id` bigint unsigned NOT NULL,
  `document_file_path` varchar(255) COLLATE utf8mb4_unicode_ci DEFAULT NULL,
  `date_performed` date DEFAULT NULL,
  `date_upload` date DEFAULT NULL,
  `staff_id_performed` bigint unsigned DEFAULT NULL,
  `qa_inspection_id` bigint unsigned DEFAULT NULL,
  `created_at` timestamp NULL DEFAULT NULL,
  `updated_at` timestamp NULL DEFAULT NULL,
  PRIMARY KEY (`id`),
  KEY `pro_protocol_dev_documents_activity_project_id_foreign` (`activity_project_id`),
  KEY `pro_protocol_dev_documents_qa_inspection_id_foreign` (`qa_inspection_id`),
  CONSTRAINT `pro_protocol_dev_documents_activity_project_id_foreign` FOREIGN KEY (`activity_project_id`) REFERENCES `pro_protocols_devs_activities_projects` (`id`) ON DELETE CASCADE,
  CONSTRAINT `pro_protocol_dev_documents_qa_inspection_id_foreign` FOREIGN KEY (`qa_inspection_id`) REFERENCES `pro_qa_inspections` (`id`) ON DELETE SET NULL
) ENGINE=InnoDB AUTO_INCREMENT=7 DEFAULT CHARSET=utf8mb4 COLLATE=utf8mb4_unicode_ci;

-- Listage des données de la table crec_rh_system_db.pro_protocol_dev_documents : ~5 rows (environ)
INSERT INTO `pro_protocol_dev_documents` (`id`, `activity_project_id`, `project_id`, `document_file_path`, `date_performed`, `date_upload`, `staff_id_performed`, `qa_inspection_id`, `created_at`, `updated_at`) VALUES
	(1, 66, 25, 'protocol_dev/99i0uvzZa9tbpATbzwzjW2QKBUQkuLLG1dOpkEqu.pdf', '2026-03-27', '2026-03-27', 23, 42, '2026-03-27 12:57:15', '2026-03-27 12:57:15'),
	(2, 67, 25, 'protocol_dev/oC8d2fb2QmPdc7x1an3n2vnfwkOEYRjAkwoaQTMq.pdf', '2026-03-27', '2026-03-27', 23, NULL, '2026-03-27 12:58:01', '2026-03-27 12:58:01'),
	(3, 68, 25, 'protocol_dev/ZICZNkCqDuyqr7uS9G6DeCxtMOK5U9MdUpkHG5GO.pdf', '2026-03-27', '2026-03-27', 23, 43, '2026-03-27 12:58:33', '2026-03-27 12:58:33'),
	(4, 69, 25, 'protocol_dev/xIMcpE6yETWBKn1WZh0ysdRf0C4AYnyB1vRZK9Nk.pdf', '2026-03-27', '2026-03-27', 23, NULL, '2026-03-27 12:58:58', '2026-03-27 12:58:58'),
	(5, 70, 25, 'protocol_dev/wP6bqnUb6tUguwKJqP6hZvWRC5bNCc1aaSPy68AW.pdf', '2026-03-27', '2026-03-27', 23, 47, '2026-03-27 12:59:13', '2026-03-27 14:11:37'),
	(6, 70, 25, 'protocol_dev/NwSCxtvkyI7pw6PhXG22Ez4IEF17Wt361DPrJik4.pdf', '2026-03-27', '2026-03-27', 23, 46, '2026-03-27 13:31:11', '2026-03-27 13:31:11');

-- Listage de la structure de la table crec_rh_system_db. pro_qa_inspections
CREATE TABLE IF NOT EXISTS `pro_qa_inspections` (
  `id` bigint unsigned NOT NULL AUTO_INCREMENT,
  `inspection_name` varchar(50) COLLATE utf8mb4_unicode_ci NOT NULL,
  `facility_location` varchar(20) COLLATE utf8mb4_unicode_ci DEFAULT NULL,
  `qa_inspector_id` bigint unsigned DEFAULT NULL,
  `project_id` bigint unsigned DEFAULT NULL,
  `activity_id` bigint unsigned DEFAULT NULL,
  `checklist_slug` varchar(60) COLLATE utf8mb4_unicode_ci DEFAULT NULL,
  `date_scheduled` date DEFAULT NULL,
  `date_start` date DEFAULT NULL,
  `date_end` date DEFAULT NULL,
  `date_report_fm` date DEFAULT NULL,
  `date_report_sd` date DEFAULT NULL,
  `date_performed` date DEFAULT NULL,
  `completed_at` timestamp NULL DEFAULT NULL,
  `type_inspection` varchar(100) CHARACTER SET utf8mb4 COLLATE utf8mb4_unicode_ci DEFAULT NULL,
  `created_at` timestamp NULL DEFAULT NULL,
  `updated_at` timestamp NULL DEFAULT NULL,
  PRIMARY KEY (`id`)
) ENGINE=InnoDB AUTO_INCREMENT=48 DEFAULT CHARSET=utf8mb4 COLLATE=utf8mb4_unicode_ci;

-- Listage des données de la table crec_rh_system_db.pro_qa_inspections : ~40 rows (environ)
INSERT INTO `pro_qa_inspections` (`id`, `inspection_name`, `facility_location`, `qa_inspector_id`, `project_id`, `activity_id`, `checklist_slug`, `date_scheduled`, `date_start`, `date_end`, `date_report_fm`, `date_report_sd`, `date_performed`, `completed_at`, `type_inspection`, `created_at`, `updated_at`) VALUES
	(5, 'Critical Phase Inspection #1', NULL, 17, 3, 7, NULL, '2026-02-25', NULL, NULL, NULL, NULL, '2026-03-19', NULL, 'Critical Phase Inspection', '2026-02-25 15:16:31', '2026-03-19 14:15:06'),
	(6, 'Critical Phase Inspection #2', NULL, 79, 3, 24, 'llin-exp-huts', '2026-02-25', NULL, NULL, NULL, NULL, '2026-03-23', NULL, 'Critical Phase Inspection', '2026-02-25 15:41:00', '2026-03-23 10:52:02'),
	(7, 'Critical Phase Inspection #1', NULL, 17, 6, 25, 'cone-llin', '2026-03-16', NULL, NULL, NULL, NULL, '2026-03-16', NULL, 'Critical Phase Inspection', '2026-03-16 07:42:43', '2026-03-16 08:32:50'),
	(8, 'Critical Phase Inspection #2', NULL, 7, 6, 25, 'spatial-repellents', '2026-03-19', NULL, NULL, NULL, NULL, '2026-03-16', NULL, 'Critical Phase Inspection', '2026-03-16 07:52:33', '2026-03-16 08:32:43'),
	(9, 'Critical Phase Inspection #3', NULL, 17, 6, 26, 'spatial-repellents', '2026-03-16', NULL, NULL, NULL, NULL, '2026-03-16', NULL, 'Critical Phase Inspection', '2026-03-16 08:09:38', '2026-03-16 08:30:07'),
	(10, 'Critical Phase Inspection #4', NULL, 34, 6, 27, 'tunnel-test', '2026-03-16', NULL, NULL, NULL, NULL, '2026-03-16', NULL, 'Critical Phase Inspection', '2026-03-16 08:09:55', '2026-03-16 08:12:39'),
	(11, 'Inspection de phase critique de Cone Test', NULL, 23, 6, 26, 'cone-irs-blocks-treatment', '2026-03-17', NULL, NULL, NULL, NULL, '2026-03-17', '2026-03-24 14:57:58', 'Critical Phase Inspection', '2026-03-17 09:49:02', '2026-03-24 14:57:58'),
	(12, 'Inspection du lavage', NULL, 23, 5, 13, 'cdc-bottle-test', '2026-03-17', NULL, NULL, NULL, NULL, '2026-03-17', NULL, 'Critical Phase Inspection', '2026-03-17 10:26:08', '2026-03-17 10:27:39'),
	(13, 'Inspection séchage', NULL, 23, 5, 14, 'spatial-repellents', '2026-03-18', NULL, NULL, NULL, NULL, '2026-03-17', NULL, 'Critical Phase Inspection', '2026-03-17 10:26:32', '2026-03-17 10:28:00'),
	(14, 'Inspection séchage', NULL, 23, 5, 15, 'cdc-bottle-test', '2026-03-17', NULL, NULL, NULL, NULL, '2026-03-17', NULL, 'Critical Phase Inspection', '2026-03-17 10:26:52', '2026-03-17 10:28:11'),
	(15, 'Inspection du lavage', NULL, 23, 5, 16, 'cdc-bottle-test', '2026-03-17', NULL, NULL, NULL, NULL, '2026-03-17', NULL, 'Critical Phase Inspection', '2026-03-17 10:27:15', '2026-03-17 10:28:22'),
	(16, 'Facility Inspection du mois de Mars', NULL, 23, NULL, NULL, NULL, '2026-03-18', NULL, NULL, NULL, NULL, '2026-03-18', '2026-03-24 14:58:10', 'Facility Inspection', '2026-03-18 08:39:45', '2026-03-24 14:58:10'),
	(17, 'Facility Inspection du mois de Mars à Covè', 'cove', 23, NULL, NULL, NULL, '2026-03-18', NULL, NULL, NULL, NULL, '2026-03-18', '2026-03-24 14:58:08', 'Facility Inspection', '2026-03-18 10:41:52', '2026-03-24 14:58:08'),
	(18, 'Process Based Inspection du mois de Mars 2026', NULL, 23, NULL, NULL, NULL, '2026-03-18', NULL, NULL, NULL, NULL, '2026-03-18', NULL, 'Process Inspection', '2026-03-18 13:25:57', '2026-03-26 10:44:37'),
	(19, 'Facility Inspection du mois de Mars Cotonou', 'cotonou', 23, NULL, NULL, NULL, '2026-03-18', NULL, NULL, NULL, NULL, '2026-03-18', '2026-03-24 14:58:03', 'Facility Inspection', '2026-03-18 15:06:04', '2026-03-24 14:58:03'),
	(20, 'Critical Phase: Test Cone', NULL, 17, 1, 29, 'cone-llin', '2026-03-23', NULL, NULL, NULL, NULL, '2026-03-23', '2026-03-23 15:29:28', 'Critical Phase Inspection', '2026-03-23 12:17:08', '2026-03-23 15:29:28'),
	(21, 'Critical Phase: Lavage', NULL, 23, 1, 28, 'spatial-repellents', '2026-03-23', NULL, NULL, NULL, NULL, '2026-03-23', '2026-03-23 15:23:03', 'Critical Phase Inspection', '2026-03-23 12:40:15', '2026-03-23 15:23:03'),
	(22, 'Critical Phase: Test Tunnel', NULL, NULL, 1, 30, 'tunnel-test', '2026-03-23', NULL, NULL, NULL, NULL, '2026-03-23', '2026-03-23 15:29:19', 'Critical Phase Inspection', '2026-03-23 13:52:17', '2026-03-23 15:29:19'),
	(23, 'Critical Phase: Experimental Huts', NULL, 23, 1, 31, 'llin-exp-huts', '2026-03-23', NULL, NULL, NULL, NULL, '2026-03-23', '2026-03-23 15:28:57', 'Critical Phase Inspection', '2026-03-23 13:52:20', '2026-03-23 15:28:57'),
	(24, 'Critical Phase: Lavage', NULL, 17, 19, 32, 'irs-trial', '2026-03-24', NULL, NULL, NULL, NULL, '2026-03-24', NULL, 'Critical Phase Inspection', '2026-03-24 14:30:15', '2026-03-24 14:35:14'),
	(26, 'Critical Phase Inspection #1', NULL, 23, 10, 21, 'spatial-repellents', '2026-03-25', NULL, NULL, NULL, NULL, '2026-03-25', '2026-03-25 13:21:26', 'Critical Phase Inspection', '2026-03-25 07:14:17', '2026-03-25 13:21:26'),
	(27, 'Critical Phase Inspection #2', NULL, 23, 10, 20, 'spatial-repellents', '2026-03-25', NULL, NULL, NULL, NULL, '2026-03-25', '2026-03-25 13:21:22', 'Critical Phase Inspection', '2026-03-25 07:14:34', '2026-03-25 13:21:22'),
	(28, 'Critical Phase Inspection #3', NULL, 23, 10, 18, 'cylinder-bioassay', '2026-03-25', NULL, NULL, NULL, NULL, '2026-03-25', '2026-03-25 13:21:18', 'Critical Phase Inspection', '2026-03-25 07:14:55', '2026-03-25 13:21:18'),
	(29, 'Amendement de protocole', NULL, 23, 10, NULL, NULL, '2026-03-25', NULL, NULL, NULL, NULL, '2026-03-25', '2026-03-25 13:21:15', 'Study Protocol Amendment/Deviation Inspection', '2026-03-25 07:59:09', '2026-03-25 13:21:15'),
	(30, 'Inspection du protocole', NULL, 23, 10, NULL, NULL, '2026-03-25', NULL, NULL, NULL, NULL, '2026-03-25', NULL, 'Study Protocol Inspection', '2026-03-25 08:08:52', '2026-03-26 07:46:48'),
	(31, 'Study Report Inspection 1', NULL, 23, 10, NULL, NULL, '2026-03-25', NULL, NULL, NULL, NULL, '2026-03-25', '2026-03-25 13:22:25', 'Study Report Inspection', '2026-03-25 10:00:06', '2026-03-25 13:22:25'),
	(32, 'Data Quality Inspection #7', NULL, 23, 10, NULL, NULL, '2026-03-25', NULL, NULL, NULL, NULL, '2026-03-25', '2026-03-25 13:51:40', 'Data Quality Inspection', '2026-03-25 12:02:40', '2026-03-25 13:51:40'),
	(33, 'Critical Phase: Lavage', NULL, 23, 16, 33, 'cdc-bottle-coating', '2026-03-25', NULL, NULL, NULL, NULL, '2026-03-25', NULL, 'Critical Phase Inspection', '2026-03-25 14:55:27', '2026-03-25 14:57:40'),
	(34, 'Critical Phase: Experimental Huts', NULL, 23, 16, 34, 'spatial-repellents', '2026-03-25', NULL, NULL, NULL, NULL, '2026-03-25', NULL, 'Critical Phase Inspection', '2026-03-25 14:55:30', '2026-03-25 14:58:12'),
	(35, 'Process Inspection New', NULL, 23, NULL, NULL, NULL, '2026-03-26', NULL, NULL, NULL, NULL, NULL, NULL, 'Process Inspection', '2026-03-26 10:45:42', '2026-03-26 10:45:42'),
	(36, 'Facility Inspection du mois de Mars 2e round', 'cotonou', 23, NULL, NULL, NULL, '2026-03-26', NULL, NULL, NULL, NULL, '2026-03-26', NULL, 'Facility Inspection', '2026-03-26 12:41:22', '2026-03-26 13:02:00'),
	(38, 'SD uploads Draft Protocol – QA Inspection', NULL, NULL, 25, NULL, NULL, '2026-03-27', NULL, NULL, NULL, NULL, '2026-03-27', '2026-03-27 10:35:09', 'Study Protocol Inspection', '2026-03-27 09:49:57', '2026-03-27 10:35:09'),
	(39, 'Critical Phase: Lavage', NULL, 1, 25, 35, 'cdc-bottle-test', '2026-03-27', NULL, NULL, NULL, NULL, '2026-03-27', '2026-03-27 10:35:06', 'Critical Phase Inspection', '2026-03-27 09:51:37', '2026-03-27 10:35:06'),
	(40, 'Rapport de l\'étude (Draft) – QA Inspection', NULL, 23, 25, NULL, NULL, '2026-03-27', NULL, NULL, NULL, NULL, '2026-03-27', '2026-03-27 10:51:16', 'Study Report Inspection', '2026-03-27 10:49:16', '2026-03-27 10:51:16'),
	(41, 'Amendement de rapport – QA Inspection', NULL, 23, 25, NULL, NULL, '2026-03-27', NULL, NULL, NULL, NULL, '2026-03-27', '2026-03-27 10:53:59', 'Study Report Amendment Inspection', '2026-03-27 10:52:58', '2026-03-27 10:53:59'),
	(42, 'SD uploads Draft Protocol – QA Inspection', NULL, 23, 25, NULL, NULL, '2026-03-27', NULL, NULL, NULL, NULL, '2026-03-27', NULL, 'Study Protocol Inspection', '2026-03-27 12:57:15', '2026-03-27 14:19:11'),
	(43, 'Final Approved Protocol (signed) – QA Inspection', NULL, 23, 25, NULL, NULL, '2026-03-27', NULL, NULL, NULL, NULL, '2026-03-27', NULL, 'Study Protocol Inspection', '2026-03-27 12:58:33', '2026-03-27 14:18:09'),
	(45, 'Study Protocol Amendment/Deviation Inspection #8', NULL, 23, 25, NULL, NULL, '2026-03-27', NULL, NULL, NULL, NULL, '2026-03-27', NULL, 'Study Protocol Amendment/Deviation Inspection', '2026-03-27 13:01:37', '2026-03-27 14:16:34'),
	(46, 'Protocol Amendment / Deviation – QA Inspection', NULL, 23, 25, NULL, NULL, '2026-03-27', NULL, NULL, NULL, NULL, '2026-03-27', NULL, 'Study Protocol Amendment/Deviation Inspection', '2026-03-27 13:31:11', '2026-03-27 13:31:52'),
	(47, 'Protocol Amendment / Deviation – QA Inspection', NULL, 23, 25, NULL, NULL, '2026-03-27', NULL, NULL, NULL, NULL, '2026-03-27', NULL, 'Study Protocol Amendment/Deviation Inspection', '2026-03-27 14:11:37', '2026-03-27 14:16:53');

-- Listage de la structure de la table crec_rh_system_db. pro_qa_inspections_findings
CREATE TABLE IF NOT EXISTS `pro_qa_inspections_findings` (
  `id` bigint unsigned NOT NULL AUTO_INCREMENT,
  `inspection_id` bigint unsigned NOT NULL,
  `facility_section` varchar(50) COLLATE utf8mb4_unicode_ci DEFAULT NULL,
  `project_id` bigint unsigned DEFAULT NULL,
  `finding_text` text COLLATE utf8mb4_unicode_ci,
  `is_conformity` tinyint(1) NOT NULL DEFAULT '0',
  `action_point` text COLLATE utf8mb4_unicode_ci,
  `means_of_verification` text COLLATE utf8mb4_unicode_ci,
  `resolved_by_name` varchar(255) COLLATE utf8mb4_unicode_ci DEFAULT NULL,
  `deadline_date` date DEFAULT NULL,
  `deadline_text` text COLLATE utf8mb4_unicode_ci,
  `meeting_date` date DEFAULT NULL,
  `assigned_to` bigint unsigned DEFAULT NULL,
  `status` enum('pending','complete') COLLATE utf8mb4_unicode_ci NOT NULL DEFAULT 'pending',
  `parent_finding_id` bigint DEFAULT NULL,
  `created_at` timestamp NULL DEFAULT NULL,
  `updated_at` timestamp NULL DEFAULT NULL,
  PRIMARY KEY (`id`)
) ENGINE=InnoDB AUTO_INCREMENT=50 DEFAULT CHARSET=utf8mb4 COLLATE=utf8mb4_unicode_ci;

-- Listage des données de la table crec_rh_system_db.pro_qa_inspections_findings : ~44 rows (environ)
INSERT INTO `pro_qa_inspections_findings` (`id`, `inspection_id`, `facility_section`, `project_id`, `finding_text`, `is_conformity`, `action_point`, `means_of_verification`, `resolved_by_name`, `deadline_date`, `deadline_text`, `meeting_date`, `assigned_to`, `status`, `parent_finding_id`, `created_at`, `updated_at`) VALUES
	(6, 10, NULL, 6, 'Refaire le lavage', 0, 'Super, réalisé', 'Le logbook', NULL, '2026-03-16', NULL, NULL, 31, 'complete', NULL, '2026-03-16 08:12:39', '2026-03-16 10:58:35'),
	(7, 10, NULL, 6, 'Refaire la stratégie de lavage', 0, 'Okay', 'I\'ve seen it', NULL, '2026-03-16', NULL, NULL, 31, 'complete', NULL, '2026-03-16 08:12:57', '2026-03-16 10:58:23'),
	(8, 9, NULL, 6, 'Il faudra corriger les cones', 0, 'Super', 'Calibration files', NULL, '2026-03-16', NULL, NULL, 1, 'complete', NULL, '2026-03-16 08:39:00', '2026-03-16 10:57:54'),
	(9, 10, NULL, 6, 'C\'était bien', 1, NULL, NULL, NULL, NULL, NULL, NULL, 1, 'pending', NULL, '2026-03-16 10:06:59', '2026-03-16 10:06:59'),
	(10, 8, NULL, 6, 'Bien', 1, NULL, NULL, NULL, NULL, NULL, NULL, NULL, 'pending', NULL, '2026-03-16 10:25:17', '2026-03-16 10:25:17'),
	(11, 11, NULL, 6, 'Bien lav les cônes', 1, NULL, NULL, NULL, NULL, NULL, NULL, NULL, 'pending', NULL, '2026-03-17 10:08:22', '2026-03-17 10:08:22'),
	(12, 11, NULL, 6, 'Test bien réalisé', 1, NULL, NULL, NULL, NULL, NULL, NULL, NULL, 'pending', NULL, '2026-03-17 10:08:35', '2026-03-17 10:08:35'),
	(13, 11, NULL, 6, 'Toutn bien positionné', 1, NULL, NULL, NULL, NULL, NULL, NULL, NULL, 'pending', NULL, '2026-03-17 10:08:54', '2026-03-17 10:08:54'),
	(14, 18, 'process-a', NULL, 'Tout est bon', 1, NULL, NULL, NULL, NULL, NULL, NULL, NULL, 'pending', NULL, '2026-03-18 13:59:02', '2026-03-18 13:59:02'),
	(15, 16, 'facility-n', NULL, 'Tout n\'est pas bon', 1, NULL, NULL, NULL, NULL, NULL, NULL, NULL, 'pending', NULL, '2026-03-18 14:12:24', '2026-03-18 14:12:24'),
	(16, 16, 'facility-n', NULL, 'Tout est à corriger', 0, 'Bon...', 'Vu le livre', NULL, NULL, NULL, NULL, 53, 'complete', NULL, '2026-03-18 14:13:00', '2026-03-18 14:54:14'),
	(17, 17, 'facility-cove-i', NULL, 'dd', 0, 'Actions bonne', 'Materiel', NULL, NULL, NULL, NULL, 26, 'complete', NULL, '2026-03-18 14:13:41', '2026-03-18 14:57:12'),
	(18, 19, 'facility-a', NULL, 'Le SD n\'est pas identifié', 0, 'ddd', 'ddd', 'Francis', '2026-03-18', NULL, '2026-03-18', 86, 'complete', NULL, '2026-03-18 15:09:26', '2026-03-18 15:10:27'),
	(19, 21, NULL, 1, 'Tout est bien', 1, NULL, NULL, NULL, NULL, NULL, NULL, NULL, 'pending', NULL, '2026-03-23 13:16:14', '2026-03-23 13:16:14'),
	(20, 21, NULL, 1, 'Cone bien placé', 1, NULL, NULL, NULL, NULL, NULL, NULL, NULL, 'pending', NULL, '2026-03-23 13:16:23', '2026-03-23 13:16:23'),
	(21, 20, NULL, 1, 'ff', 1, NULL, NULL, NULL, NULL, NULL, NULL, NULL, 'pending', NULL, '2026-03-23 15:24:54', '2026-03-23 15:24:54'),
	(22, 22, NULL, 1, 'Erreur 1', 0, 'Resolu 1', 'Doc seen', NULL, '2026-03-23', NULL, '2026-03-23', 1, 'complete', NULL, '2026-03-23 15:25:20', '2026-03-23 15:28:49'),
	(23, 23, NULL, 1, 'Erreur 2', 0, 'Seen', 'Rsolu', NULL, '2026-03-23', NULL, '2026-03-23', 1, 'complete', NULL, '2026-03-23 15:25:37', '2026-03-23 15:29:13'),
	(24, 24, NULL, 19, 'Erreur 1', 1, NULL, NULL, NULL, '2026-03-24', NULL, NULL, 53, 'pending', NULL, '2026-03-24 14:53:15', '2026-03-24 14:53:15'),
	(25, 24, NULL, 19, 'Erreur 2', 0, 'Résolu', 'See Document', NULL, '2026-03-24', NULL, '2026-03-24', 26, 'complete', NULL, '2026-03-24 14:53:33', '2026-03-24 14:54:06'),
	(26, 30, 'sp-a', 10, 'ee', 1, NULL, NULL, NULL, '2026-03-25', NULL, NULL, 53, 'pending', NULL, '2026-03-25 09:14:59', '2026-03-25 09:14:59'),
	(27, 30, 'sp-a', 10, 'Une erreur constatée', 0, 'Bon', 'Bon', NULL, '2026-03-25', NULL, '2026-03-25', 78, 'complete', NULL, '2026-03-25 09:24:47', '2026-03-25 09:40:16'),
	(28, 30, 'sp-a', 10, 'Erreur 2', 0, 'Resolu', 'fer', NULL, '2026-03-25', NULL, '2026-03-25', 100, 'complete', NULL, '2026-03-25 09:40:55', '2026-03-25 09:41:08'),
	(29, 32, NULL, 10, 'Erreur 1', 0, 'EE', 'DD', NULL, '2026-03-25', NULL, '2026-03-25', 50, 'complete', NULL, '2026-03-25 13:04:09', '2026-03-25 13:05:45'),
	(30, 32, NULL, 10, 'Erreur 2', 0, 'DDD', 'DDD', NULL, '2026-03-25', NULL, '2026-03-25', 34, 'complete', NULL, '2026-03-25 13:04:42', '2026-03-25 13:05:53'),
	(31, 29, NULL, 10, 'Super', 1, NULL, NULL, NULL, NULL, NULL, NULL, NULL, 'pending', NULL, '2026-03-25 13:20:20', '2026-03-25 13:20:20'),
	(32, 28, NULL, 10, 'Amen Amen', 1, NULL, NULL, NULL, NULL, NULL, NULL, NULL, 'pending', NULL, '2026-03-25 13:20:38', '2026-03-25 13:20:38'),
	(33, 27, NULL, 10, 'Amen Amen', 1, NULL, NULL, NULL, NULL, NULL, NULL, NULL, 'pending', NULL, '2026-03-25 13:20:55', '2026-03-25 13:20:55'),
	(34, 26, NULL, 10, 'Amen Amen', 1, NULL, NULL, NULL, NULL, NULL, NULL, NULL, 'pending', NULL, '2026-03-25 13:21:04', '2026-03-25 13:21:04'),
	(35, 31, 'sr-a', 10, 'Tout est bon', 1, NULL, NULL, NULL, NULL, NULL, NULL, NULL, 'pending', NULL, '2026-03-25 13:22:03', '2026-03-25 13:22:03'),
	(36, 32, 'dq-a', 10, 'Erreur', 0, 'Bon', 'ddd', 'Francis', '2026-03-25', NULL, '2026-03-25', 8, 'complete', NULL, '2026-03-25 13:23:27', '2026-03-25 13:53:12'),
	(37, 32, 'dq-b', 10, 'Erreur 2', 0, 'Résolu', 'dd', 'Francis', '2026-03-25', NULL, '2026-03-25', 31, 'complete', NULL, '2026-03-25 13:23:45', '2026-03-25 13:53:23'),
	(38, 32, 'dq-c', 10, 'Erreur non résolue', 0, 'Résolu', 'eee', 'Francis', '2026-03-25', NULL, '2026-03-25', 79, 'complete', NULL, '2026-03-25 13:24:04', '2026-03-25 13:53:34'),
	(39, 34, NULL, 16, 'Erreur de résolution criarde', 0, 'Edser', 'fddd', NULL, '2026-03-25', NULL, '2026-03-25', 17, 'complete', NULL, '2026-03-25 14:58:48', '2026-03-25 15:00:16'),
	(40, 33, NULL, 16, 'Erreur 2', 0, 'Resolut', 'Res', NULL, '2026-03-25', NULL, '2026-03-25', 13, 'complete', NULL, '2026-03-25 14:59:40', '2026-03-25 15:00:02'),
	(41, 30, 'sp-b', 10, 'Erreur 2', 0, NULL, NULL, NULL, '2026-03-26', NULL, NULL, 29, 'pending', NULL, '2026-03-26 10:07:33', '2026-03-26 10:07:33'),
	(42, 30, 'sp-c', 10, 'Erreur', 0, NULL, NULL, NULL, '2026-03-26', NULL, NULL, 29, 'pending', NULL, '2026-03-26 10:07:48', '2026-03-26 10:07:48'),
	(43, 36, 'facility-a', NULL, 'Tout est bon', 1, NULL, NULL, NULL, NULL, NULL, NULL, NULL, 'pending', NULL, '2026-03-26 13:01:10', '2026-03-26 13:01:10'),
	(44, 36, 'facility-b', NULL, 'Erreur', 0, 'Rsolu aussi', 'Dc', 'Francis', '2026-03-26', NULL, '2026-03-26', 57, 'complete', NULL, '2026-03-26 13:01:29', '2026-03-26 13:06:23'),
	(45, 36, 'facility-d', NULL, 'Erreur 2', 0, 'Résolut', 'Doc seen', 'Francis', '2026-03-28', NULL, '2026-03-26', 96, 'complete', NULL, '2026-03-26 13:01:56', '2026-03-26 13:05:55'),
	(46, 39, NULL, 25, 'ddd', 1, NULL, NULL, NULL, NULL, NULL, NULL, NULL, 'pending', NULL, '2026-03-27 10:34:34', '2026-03-27 10:34:34'),
	(47, 38, 'sp-a', 25, 'ddd', 1, NULL, NULL, NULL, NULL, NULL, NULL, NULL, 'pending', NULL, '2026-03-27 10:34:44', '2026-03-27 10:34:44'),
	(48, 40, 'sr-a', 25, 'Super', 1, NULL, NULL, NULL, NULL, NULL, NULL, NULL, 'pending', NULL, '2026-03-27 10:51:01', '2026-03-27 10:51:01'),
	(49, 41, NULL, 25, 'EEEE', 1, NULL, NULL, NULL, NULL, NULL, NULL, NULL, 'pending', NULL, '2026-03-27 10:53:52', '2026-03-27 10:53:52');

-- Listage de la structure de la table crec_rh_system_db. pro_qa_statements
CREATE TABLE IF NOT EXISTS `pro_qa_statements` (
  `id` bigint unsigned NOT NULL AUTO_INCREMENT,
  `project_id` bigint unsigned NOT NULL,
  `status` enum('draft','final') COLLATE utf8mb4_unicode_ci NOT NULL DEFAULT 'draft',
  `date_signed` date DEFAULT NULL,
  `qa_manager_id` bigint unsigned DEFAULT NULL,
  `intro_text` text COLLATE utf8mb4_unicode_ci,
  `report_number` varchar(255) COLLATE utf8mb4_unicode_ci DEFAULT NULL,
  `doc_ref` varchar(255) COLLATE utf8mb4_unicode_ci DEFAULT 'QA-PR-L-001/09',
  `doc_issue_date` date DEFAULT NULL,
  `doc_next_review` date DEFAULT NULL,
  `created_at` timestamp NULL DEFAULT NULL,
  `updated_at` timestamp NULL DEFAULT NULL,
  PRIMARY KEY (`id`),
  KEY `pro_qa_statements_project_id_foreign` (`project_id`),
  CONSTRAINT `pro_qa_statements_project_id_foreign` FOREIGN KEY (`project_id`) REFERENCES `pro_projects` (`id`) ON DELETE CASCADE
) ENGINE=InnoDB AUTO_INCREMENT=3 DEFAULT CHARSET=utf8mb4 COLLATE=utf8mb4_unicode_ci;

-- Listage des données de la table crec_rh_system_db.pro_qa_statements : ~2 rows (environ)
INSERT INTO `pro_qa_statements` (`id`, `project_id`, `status`, `date_signed`, `qa_manager_id`, `intro_text`, `report_number`, `doc_ref`, `doc_issue_date`, `doc_next_review`, `created_at`, `updated_at`) VALUES
	(1, 25, 'final', '2026-03-27', 23, 'Quality Assurance Inspections of the above referenced study were conducted according to the procedures described in the Standard Operating Procedures of the Quality Assurance unit and according to general requirements of the OECD Principles of Good Laboratory Practice on the dates given in the table below. The report has been audited to ensure that it accurately describes the methods used and that the reported results accurately reflect the raw data of the study. Findings from the inspections were reported to the Facility Manager and the Study Director as also given below. In addition, facility audits are conducted twice per year and the date of the last audit is included in the statement below.\r\n\r\nJe suis d\'accord', '24-03-BV', 'QA-PR-L-001/09', '2025-01-08', '2027-03-10', '2026-03-27 14:48:03', '2026-03-27 14:55:43'),
	(2, 1, 'draft', '2026-03-27', 23, 'Quality Assurance Inspections of the above referenced study were conducted according to the procedures described in the Standard Operating Procedures of the Quality Assurance unit and according to general requirements of the OECD Principles of Good Laboratory Practice on the dates given in the table below. The report has been audited to ensure that it accurately describes the methods used and that the reported results accurately reflect the raw data of the study. Findings from the inspections were reported to the Facility Manager and the Study Director as also given below. In addition, facility audits are conducted twice per year and the date of the last audit is included in the statement below.', '24-01', 'QA-PR-L-001/09', '2025-08-01', '2027-07-31', '2026-03-27 16:17:53', '2026-03-27 16:17:53');

-- Listage de la structure de la table crec_rh_system_db. pro_report_phase_documents
CREATE TABLE IF NOT EXISTS `pro_report_phase_documents` (
  `id` bigint unsigned NOT NULL AUTO_INCREMENT,
  `project_id` bigint unsigned NOT NULL,
  `document_type` varchar(255) COLLATE utf8mb4_unicode_ci NOT NULL,
  `title` varchar(255) COLLATE utf8mb4_unicode_ci NOT NULL,
  `description` text COLLATE utf8mb4_unicode_ci,
  `file_path` varchar(255) COLLATE utf8mb4_unicode_ci DEFAULT NULL,
  `url` varchar(255) COLLATE utf8mb4_unicode_ci DEFAULT NULL,
  `doi` varchar(255) COLLATE utf8mb4_unicode_ci DEFAULT NULL,
  `submission_date` date DEFAULT NULL,
  `signature_date` date DEFAULT NULL,
  `qa_inspection_id` bigint unsigned DEFAULT NULL,
  `status` varchar(255) COLLATE utf8mb4_unicode_ci NOT NULL DEFAULT 'draft',
  `submitted_by` bigint unsigned DEFAULT NULL,
  `created_at` timestamp NULL DEFAULT NULL,
  `updated_at` timestamp NULL DEFAULT NULL,
  PRIMARY KEY (`id`),
  KEY `pro_report_phase_documents_project_id_foreign` (`project_id`),
  KEY `pro_report_phase_documents_submitted_by_foreign` (`submitted_by`),
  KEY `pro_report_phase_documents_qa_inspection_id_foreign` (`qa_inspection_id`),
  CONSTRAINT `pro_report_phase_documents_project_id_foreign` FOREIGN KEY (`project_id`) REFERENCES `pro_projects` (`id`) ON DELETE CASCADE,
  CONSTRAINT `pro_report_phase_documents_qa_inspection_id_foreign` FOREIGN KEY (`qa_inspection_id`) REFERENCES `pro_qa_inspections` (`id`) ON DELETE SET NULL,
  CONSTRAINT `pro_report_phase_documents_submitted_by_foreign` FOREIGN KEY (`submitted_by`) REFERENCES `users` (`id`) ON DELETE SET NULL
) ENGINE=InnoDB AUTO_INCREMENT=15 DEFAULT CHARSET=utf8mb4 COLLATE=utf8mb4_unicode_ci;

-- Listage des données de la table crec_rh_system_db.pro_report_phase_documents : ~12 rows (environ)
INSERT INTO `pro_report_phase_documents` (`id`, `project_id`, `document_type`, `title`, `description`, `file_path`, `url`, `doi`, `submission_date`, `signature_date`, `qa_inspection_id`, `status`, `submitted_by`, `created_at`, `updated_at`) VALUES
	(2, 1, 'final_report', 'Rapport de l\'étude', 'ffff', 'report_phase_documents/OOisCXCdttYuuSqmPWcQIhhrGXRBylIYnQl9c9CX.pdf', NULL, NULL, '2026-03-23', NULL, NULL, 'draft', 18, '2026-03-23 15:30:57', '2026-03-23 15:30:57'),
	(3, 1, 'final_report', 'Rapport de l\'étude', 'fgfg', 'report_phase_documents/n5nxm9BORBG7D96cfZlQap6wzK3N9MsGwb1Be46z.pdf', NULL, NULL, '2026-03-24', NULL, NULL, 'submitted', 18, '2026-03-24 08:18:07', '2026-03-24 08:18:07'),
	(4, 1, 'scientific_article', 'Article', NULL, 'report_phase_documents/9mxU7egZIPUanpOjUJcKCrqBnbbl1zuvQ8lwGLZN.pdf', NULL, '2333', '2026-03-24', NULL, NULL, 'draft', 18, '2026-03-24 08:18:50', '2026-03-24 08:18:50'),
	(5, 1, 'publication_link', 'Article', 'RRR', NULL, 'https://www.airid-africa.com', NULL, '2026-03-24', NULL, NULL, 'published', 18, '2026-03-24 08:19:52', '2026-03-24 08:19:52'),
	(6, 1, 'shared_data', 'Données partagees', 'dd', 'report_phase_documents/CjEah5bDq0th4FYioVgnQwC1J8tu3SrwF9racORC.jpg', NULL, NULL, '2026-03-24', NULL, NULL, 'published', 18, '2026-03-24 08:20:34', '2026-03-24 08:20:34'),
	(7, 5, 'scientific_article', 'Article', NULL, 'report_phase_documents/r8hAKSGhh9fwc8DaiW6eZ8TogifOk7jtaJB2w3jJ.pdf', NULL, NULL, '2026-03-24', NULL, NULL, 'submitted', 18, '2026-03-24 13:20:54', '2026-03-24 13:20:54'),
	(8, 19, 'final_report', 'Rapport de l\'étude', NULL, 'report_phase_documents/RyBmkIhSR9WmsZX7p8QfCZMGxfz5BPCHcuFWJM6z.pdf', NULL, NULL, '2026-03-24', NULL, NULL, 'published', 18, '2026-03-24 14:54:57', '2026-03-24 14:54:57'),
	(9, 10, 'final_report', 'Rapport de l\'étude', 'ff', 'report_phase_documents/Jamq1UBGdbk3yXmEQcATX3yjAsCsaPFYny1NOzrx.pdf', NULL, NULL, NULL, NULL, NULL, 'submitted', 18, '2026-03-25 13:52:06', '2026-03-25 13:52:06'),
	(10, 16, 'scientific_article', 'Article', NULL, 'report_phase_documents/U2yOnSgXtAjQY2SYa2vnYFvvytywNfSJAuhTb5B3.pdf', NULL, NULL, NULL, NULL, NULL, 'draft', 18, '2026-03-25 15:00:40', '2026-03-25 15:00:40'),
	(11, 16, 'final_report', 'Rapport de l\'étude', NULL, 'report_phase_documents/8v6pExV00HldrfHJjrcb1ciayNPYXO828uaDWY5Q.pdf', NULL, NULL, '2026-03-25', NULL, NULL, 'draft', 18, '2026-03-25 15:01:12', '2026-03-25 15:01:12'),
	(12, 25, 'final_report', 'Rapport de l\'étude (Draft)', NULL, 'report_phase_documents/8wbZ0LdcqY25QC5sUUST2Z38a5oQJZ42aHMoWP9H.pdf', NULL, NULL, '2026-03-27', '2026-03-27', 40, 'draft', 18, '2026-03-27 10:36:31', '2026-03-27 10:49:16'),
	(13, 25, 'report_amendment', 'Amendement de rapport', 'Amendement de rapport', 'report_phase_documents/nhj9zp21hg6r4wxhKzsTn7a5WOCDZxffYhnMlDn2.pdf', NULL, NULL, '2026-03-27', '2026-03-27', 41, 'submitted', 18, '2026-03-27 10:52:58', '2026-03-27 10:52:58'),
	(14, 25, 'shared_data', 'donnees', NULL, 'report_phase_documents/Nmc0CfupRmjbfgglyaJGI0HNQgqMWYbNOn74ELGE.pdf', NULL, NULL, '2026-03-27', NULL, NULL, 'draft', 18, '2026-03-27 15:32:45', '2026-03-27 15:32:45');

-- Listage de la structure de la table crec_rh_system_db. pro_studies_activities
CREATE TABLE IF NOT EXISTS `pro_studies_activities` (
  `id` bigint unsigned NOT NULL AUTO_INCREMENT,
  `study_activity_name` varchar(255) COLLATE utf8mb4_unicode_ci NOT NULL,
  `parent_activity_id` int DEFAULT NULL,
  `study_type_id` int DEFAULT NULL,
  `activity_description` text CHARACTER SET utf8mb4 COLLATE utf8mb4_unicode_ci,
  `study_sub_category_id` bigint unsigned NOT NULL,
  `project_id` bigint unsigned NOT NULL,
  `estimated_activity_date` date DEFAULT NULL,
  `estimated_activity_end_date` date DEFAULT NULL,
  `actual_activity_date` date DEFAULT NULL,
  `created_by` bigint unsigned NOT NULL,
  `should_be_performed_by` bigint unsigned DEFAULT NULL,
  `performed_by` bigint unsigned DEFAULT NULL,
  `status` varchar(255) COLLATE utf8mb4_unicode_ci NOT NULL DEFAULT 'pending' COMMENT 'pending, in_progress, completed, delayed, cancelled',
  `commentaire` text COLLATE utf8mb4_unicode_ci,
  `phase_critique` tinyint DEFAULT '0',
  `meeting_id` bigint DEFAULT NULL,
  `created_at` timestamp NULL DEFAULT NULL,
  `updated_at` timestamp NULL DEFAULT NULL,
  PRIMARY KEY (`id`)
) ENGINE=InnoDB AUTO_INCREMENT=36 DEFAULT CHARSET=utf8mb4 COLLATE=utf8mb4_unicode_ci;

-- Listage des données de la table crec_rh_system_db.pro_studies_activities : ~32 rows (environ)
INSERT INTO `pro_studies_activities` (`id`, `study_activity_name`, `parent_activity_id`, `study_type_id`, `activity_description`, `study_sub_category_id`, `project_id`, `estimated_activity_date`, `estimated_activity_end_date`, `actual_activity_date`, `created_by`, `should_be_performed_by`, `performed_by`, `status`, `commentaire`, `phase_critique`, `meeting_id`, `created_at`, `updated_at`) VALUES
	(1, 'Lavage de moustiquaires', NULL, 1, NULL, 1, 2, '2025-09-17', NULL, NULL, 18, 29, NULL, 'pending', NULL, 0, NULL, '2025-09-05 16:48:49', '2025-09-05 16:48:49'),
	(2, 'Séchage et ramassage des moustiquaires', 1, 1, NULL, 1, 2, '2025-09-11', NULL, NULL, 18, 29, NULL, 'pending', NULL, 0, NULL, '2025-09-05 17:06:34', '2025-09-05 17:06:34'),
	(3, 'Lavage de moustiquaires', NULL, 2, NULL, 6, 2, '2025-09-08', NULL, NULL, 18, 17, NULL, 'pending', NULL, 0, NULL, '2025-09-05 17:14:50', '2025-09-05 17:14:50'),
	(4, 'Echantillonnage des ménages', NULL, 3, NULL, 10, 2, '2025-09-19', NULL, NULL, 18, 1, NULL, 'pending', NULL, 0, NULL, '2025-09-05 17:15:37', '2025-09-05 17:15:37'),
	(5, 'Lavage de moustiquaires', 6, 1, 'Beaucoup de travaux, à reconsidérer', 2, 4, '2025-09-09', NULL, NULL, 18, 4, NULL, 'pending', NULL, 1, 12, '2025-09-05 17:20:28', '2025-09-26 15:35:32'),
	(7, 'Lavage de moustiquaires', NULL, 1, NULL, 2, 3, '2025-09-22', NULL, '2026-02-25', 18, 29, 1, 'completed', 'dddd\n\nddd', 1, 19, '2025-09-08 08:26:43', '2026-02-25 10:38:51'),
	(10, 'Test de résistance préalable', NULL, 2, 'Test de résistance préalable', 6, 4, '2025-09-27', NULL, NULL, 18, 80, NULL, 'pending', NULL, 0, NULL, '2025-09-08 10:38:37', '2025-09-08 10:39:48'),
	(11, 'Réalisation de l\'échantillonnage', NULL, 3, 'Réalisation de l\'échantillonnage', 10, 4, '2025-09-22', NULL, NULL, 18, 1, NULL, 'pending', NULL, 1, 12, '2025-09-08 10:40:32', '2025-11-28 10:46:11'),
	(12, 'Séchage et ramassage des moustiquaires', NULL, 1, 'dd', 1, 36, '2025-09-22', NULL, NULL, 23, 22, NULL, 'pending', NULL, 0, NULL, '2025-09-10 22:20:52', '2025-09-10 22:20:52'),
	(13, 'Lavage de moustiquaires', NULL, 1, 'ddd', 1, 5, '2025-09-19', NULL, '2026-03-17', 23, 29, 13, 'completed', 'f', 1, 11, '2025-09-17 17:01:15', '2026-03-17 10:18:29'),
	(14, 'Séchage et ramassage des moustiquaires', NULL, 1, 'ddd', 2, 5, '2025-09-22', NULL, '2026-03-17', 23, 22, 12, 'completed', 'd', 1, 11, '2025-09-17 17:01:36', '2026-03-17 10:18:39'),
	(15, 'Test de résistance préalable', NULL, 2, 'dd', 5, 5, '2025-09-27', NULL, '2026-03-24', 23, 23, 12, 'completed', 'dd', 1, 11, '2025-09-17 17:01:58', '2026-03-24 13:20:13'),
	(16, 'Réalisation de l\'échantillonnage', NULL, 2, 'ererer', 6, 5, '2025-09-27', NULL, '2026-03-17', 23, 23, 13, 'completed', 'dd', 1, 11, '2025-09-17 17:03:28', '2026-03-17 10:19:00'),
	(17, 'Séchage et ramassage des moustiquaires', 10, 2, 'yu', 5, 4, '2025-09-26', NULL, NULL, 23, 29, NULL, 'pending', NULL, 0, NULL, '2025-09-19 07:22:28', '2025-09-19 07:22:28'),
	(18, 'Lavage de moustiquaires', NULL, 1, NULL, 2, 10, '2025-09-27', '2025-09-29', '2026-03-25', 23, 29, 13, 'completed', NULL, 1, 18, '2025-09-19 07:37:04', '2026-03-25 07:13:05'),
	(19, 'Séchage et ramassage des moustiquaires', NULL, 1, NULL, 2, 10, '2025-09-11', '2025-09-30', '2026-03-25', 23, 29, 12, 'completed', NULL, 0, 18, '2025-09-19 07:37:28', '2026-03-25 07:12:46'),
	(20, 'Test de résistance préalable', NULL, 2, 'c', 6, 10, '2025-09-22', '2025-09-29', '2026-03-25', 23, 17, 13, 'completed', NULL, 1, 18, '2025-09-19 07:37:47', '2026-03-25 07:12:55'),
	(21, 'Echantillonnage des ménages', NULL, 2, NULL, 6, 10, '2025-09-02', '2025-09-08', '2026-03-25', 23, 29, 13, 'completed', NULL, 1, 18, '2025-09-19 07:38:03', '2026-03-25 07:12:34'),
	(22, 'Séchage et ramassage des moustiquaires', NULL, 1, 'j', 1, 3, '2025-09-19', '2025-09-19', '2026-02-25', 23, 29, 13, 'completed', 'gg\n\nddd', 0, NULL, '2025-09-26 06:41:37', '2026-02-25 10:12:47'),
	(23, 'Lavage de moustiquaires', NULL, 1, NULL, 1, 37, '2026-02-23', '2026-02-23', NULL, 23, 22, NULL, 'pending', NULL, 0, NULL, '2026-02-23 13:58:03', '2026-02-23 13:58:03'),
	(24, 'Réalisation de l\'échantillonnage', NULL, 2, 'jhhj', 6, 3, '2026-02-25', '2026-02-25', '2026-02-25', 23, 22, 13, 'completed', 'ff', 1, 19, '2026-02-25 12:42:58', '2026-02-25 13:43:11'),
	(25, 'Lavage', NULL, 1, NULL, 1, 6, '2026-03-16', '2026-03-31', '2026-03-16', 23, 22, 12, 'completed', 'Lavé selon les procédures WHO', 1, 22, '2026-03-16 07:36:30', '2026-03-16 07:37:56'),
	(26, 'Test Cone', NULL, 1, 'Test', 1, 6, '2026-03-16', '2026-03-16', '2026-03-16', 23, 29, 13, 'completed', 'ddd', 1, 22, '2026-03-16 08:01:09', '2026-03-16 08:08:58'),
	(27, 'Test Tunnel', NULL, 2, NULL, 5, 6, '2026-03-16', '2026-03-16', '2026-03-16', 23, 29, 10, 'completed', 'd', 1, 22, '2026-03-16 08:08:09', '2026-03-16 08:09:08'),
	(28, 'Lavage', NULL, 1, NULL, 2, 1, '2026-03-23', '2026-03-23', '2026-03-23', 23, 29, 12, 'completed', 'eee', 1, 24, '2026-03-23 12:13:33', '2026-03-23 12:56:11'),
	(29, 'Test Cone', NULL, 1, 'dd', 3, 1, '2026-03-24', '2026-03-24', '2026-03-23', 23, 79, 13, 'completed', 'ee', 1, 24, '2026-03-23 12:14:10', '2026-03-23 12:56:33'),
	(30, 'Test Tunnel', NULL, 1, 'c', 1, 1, '2026-03-24', '2026-03-24', '2026-03-23', 23, 29, 13, 'completed', 'dd', 1, 24, '2026-03-23 13:51:20', '2026-03-23 13:52:34'),
	(31, 'Experimental Huts', NULL, 3, NULL, 10, 1, '2026-03-24', '2026-03-24', '2026-03-23', 23, 57, 13, 'completed', 'dd', 1, 24, '2026-03-23 13:52:04', '2026-03-23 15:21:10'),
	(32, 'Lavage', NULL, 1, 's', 1, 19, '2026-03-24', '2026-03-24', '2026-03-24', 23, 34, 13, 'completed', 'dd', 1, 25, '2026-03-24 14:29:36', '2026-03-24 14:30:40'),
	(33, 'Lavage', NULL, 1, 'gf', 1, 16, '2026-03-25', '2026-03-25', '2026-03-25', 23, 66, 13, 'completed', NULL, 1, 26, '2026-03-25 14:52:08', '2026-03-25 14:56:55'),
	(34, 'Experimental Huts', NULL, 2, 'e', 6, 16, '2026-03-25', '2026-03-25', '2026-03-25', 23, 50, 12, 'completed', NULL, 1, 26, '2026-03-25 14:52:46', '2026-03-25 14:57:10'),
	(35, 'Lavage', NULL, 1, 'dd', 2, 25, '2026-03-27', '2026-03-27', '2026-03-27', 23, 50, 13, 'completed', 'dd', 1, 27, '2026-03-27 08:59:11', '2026-03-27 10:16:37');

-- Listage de la structure de la table crec_rh_system_db. pro_studies_initiation_meetings
CREATE TABLE IF NOT EXISTS `pro_studies_initiation_meetings` (
  `id` bigint unsigned NOT NULL AUTO_INCREMENT,
  `project_id` bigint unsigned NOT NULL,
  `organizer_id` bigint unsigned NOT NULL,
  `date_scheduled` date DEFAULT NULL,
  `time_scheduled` time DEFAULT NULL,
  `date_performed` date DEFAULT NULL,
  `status` enum('complete','pending','cancelled') COLLATE utf8mb4_unicode_ci NOT NULL DEFAULT 'pending',
  `meeting_type` enum('study_initiation_meeting','other_meeting') COLLATE utf8mb4_unicode_ci NOT NULL DEFAULT 'study_initiation_meeting',
  `study_initiation_meeting_report` varchar(255) CHARACTER SET utf8mb4 COLLATE utf8mb4_unicode_ci DEFAULT NULL,
  `meeting_link` varchar(255) CHARACTER SET utf8mb4 COLLATE utf8mb4_unicode_ci DEFAULT NULL,
  `breve_description` text CHARACTER SET utf8mb4 COLLATE utf8mb4_unicode_ci,
  `meeting_file` varchar(255) CHARACTER SET utf8mb4 COLLATE utf8mb4_unicode_ci DEFAULT NULL,
  `created_at` timestamp NULL DEFAULT NULL,
  `updated_at` timestamp NULL DEFAULT NULL,
  PRIMARY KEY (`id`)
) ENGINE=InnoDB AUTO_INCREMENT=28 DEFAULT CHARSET=utf8mb4 COLLATE=utf8mb4_unicode_ci;

-- Listage des données de la table crec_rh_system_db.pro_studies_initiation_meetings : ~14 rows (environ)
INSERT INTO `pro_studies_initiation_meetings` (`id`, `project_id`, `organizer_id`, `date_scheduled`, `time_scheduled`, `date_performed`, `status`, `meeting_type`, `study_initiation_meeting_report`, `meeting_link`, `breve_description`, `meeting_file`, `created_at`, `updated_at`) VALUES
	(11, 5, 23, '2025-09-10', '18:32:00', NULL, 'pending', 'study_initiation_meeting', NULL, 'https://lshtm.zoom.us/j/87871297333?pwd=0Rt9WdV4rBi4r8pcM9wb3XGpGEp03T.1&from=addon', 'Sed ut perspiciatis unde omnis iste natus error sit voluptatem accusantium doloremque laudantium, totam rem aperiam, eaque ipsa quae ab illo inventore veritatis et quasi architecto beatae vitae dicta sunt explicabo. Nemo enim ipsam voluptatem quia voluptas sit aspernatur aut odit aut fugit, sed quia consequuntur magni dolores eos qui ratione voluptatem sequi nesciunt. Neque porro quisquam est, qui dolorem ipsum quia dolor sit amet, consectetur, adipisci velit, sed quia non numquam eius modi tempora incidunt ut labore et dolore magnam aliquam quaerat voluptatem. Ut enim ad minima veniam, quis nostrum exercitationem ullam corporis suscipit laboriosam, nisi ut aliquid ex ea commodi consequatur? Quis autem vel eum iure reprehenderit qui in ea voluptate velit esse quam nihil molestiae consequatur, vel illum qui dolorem eum fugiat quo voluptas nulla pariatur', 'qa_meetings/AkZDvnfGuWWrp5ZkR6avezYAee05SdSOwFF7loG6.pdf', '2025-09-17 16:30:57', '2025-09-17 16:30:57'),
	(12, 4, 23, '2025-09-27', '09:24:00', NULL, 'pending', 'study_initiation_meeting', NULL, 'https://lshtm.zoom.us/j/87871297333?pwd=0Rt9WdV4rBi4r8pcM9wb3XGpGEp03T.1&from=addon', 'gffgfg', NULL, '2025-09-19 07:23:04', '2025-09-19 07:23:04'),
	(13, 4, 23, '2025-09-27', '09:24:00', NULL, 'pending', 'study_initiation_meeting', NULL, 'https://lshtm.zoom.us/j/87871297333?pwd=0Rt9WdV4rBi4r8pcM9wb3XGpGEp03T.1&from=addon', 'gffgfg', NULL, '2025-09-19 07:23:09', '2025-09-19 07:23:09'),
	(14, 4, 23, '2025-09-27', '09:24:00', NULL, 'pending', 'study_initiation_meeting', NULL, 'https://lshtm.zoom.us/j/87871297333?pwd=0Rt9WdV4rBi4r8pcM9wb3XGpGEp03T.1&from=addon', 'gffgfg', NULL, '2025-09-19 07:23:14', '2025-09-19 07:23:14'),
	(18, 10, 23, '2025-09-17', '10:56:00', NULL, 'pending', 'study_initiation_meeting', NULL, 'https://lshtm.zoom.us/j/87871297333?pwd=0Rt9WdV4rBi4r8pcM9wb3XGpGEp03T.1&from=addon', NULL, NULL, '2025-09-19 08:53:45', '2025-09-19 08:53:45'),
	(19, 3, 23, '2025-09-26', '01:40:00', NULL, 'pending', 'study_initiation_meeting', NULL, NULL, 'ttt', NULL, '2025-09-26 06:40:26', '2025-09-26 06:40:26'),
	(20, 37, 23, '2026-02-23', '16:58:00', NULL, 'pending', 'study_initiation_meeting', NULL, NULL, NULL, NULL, '2026-02-23 13:58:32', '2026-02-23 13:58:32'),
	(21, 21, 23, '2026-02-23', '17:43:00', NULL, 'pending', 'study_initiation_meeting', NULL, 'https://lshtm.zoom.us/j/87871297333?pwd=0Rt9WdV4rBi4r8pcM9wb3XGpGEp03T.1&from=addon', NULL, NULL, '2026-02-23 15:43:09', '2026-02-23 15:43:09'),
	(22, 6, 23, '2026-03-16', '09:36:00', NULL, 'pending', 'study_initiation_meeting', NULL, NULL, NULL, NULL, '2026-03-16 07:36:59', '2026-03-16 07:36:59'),
	(23, 7, 23, '2026-03-23', '13:02:00', NULL, 'pending', 'study_initiation_meeting', NULL, NULL, NULL, NULL, '2026-03-23 11:02:09', '2026-03-23 11:02:09'),
	(24, 1, 23, '2026-03-23', '14:16:00', NULL, 'pending', 'study_initiation_meeting', NULL, NULL, 'fff', NULL, '2026-03-23 12:16:52', '2026-03-23 12:16:52'),
	(25, 19, 23, '2026-03-24', '16:29:00', NULL, 'pending', 'study_initiation_meeting', NULL, NULL, 'hggh', 'qa_meetings/nAKiomybPq9M2lgdnpoaDv0EtNzkNxyXEpOHYgg1.pdf', '2026-03-24 14:30:02', '2026-03-24 14:30:02'),
	(26, 16, 23, '2026-03-25', '16:54:00', NULL, 'pending', 'study_initiation_meeting', NULL, NULL, NULL, 'qa_meetings/yIKPpBvNW5mJr9buS3pvym5SDve6y17hMsi1beC6.pdf', '2026-03-25 14:55:20', '2026-03-25 14:55:20'),
	(27, 25, 23, '2026-03-27', '10:03:00', NULL, 'pending', 'study_initiation_meeting', NULL, NULL, 'hh', NULL, '2026-03-27 08:59:34', '2026-03-27 08:59:34');

-- Listage de la structure de la table crec_rh_system_db. pro_studies_initiation_meetings_participants
CREATE TABLE IF NOT EXISTS `pro_studies_initiation_meetings_participants` (
  `id` bigint unsigned NOT NULL AUTO_INCREMENT,
  `initiation_meeting_id` bigint unsigned NOT NULL,
  `participant_id` bigint unsigned NOT NULL,
  `created_at` timestamp NULL DEFAULT NULL,
  `updated_at` timestamp NULL DEFAULT NULL,
  PRIMARY KEY (`id`)
) ENGINE=InnoDB AUTO_INCREMENT=88 DEFAULT CHARSET=utf8mb4 COLLATE=utf8mb4_unicode_ci;

-- Listage des données de la table crec_rh_system_db.pro_studies_initiation_meetings_participants : ~34 rows (environ)
INSERT INTO `pro_studies_initiation_meetings_participants` (`id`, `initiation_meeting_id`, `participant_id`, `created_at`, `updated_at`) VALUES
	(54, 18, 5, '2025-09-19 08:53:45', '2025-09-19 08:53:45'),
	(55, 18, 6, '2025-09-19 08:53:45', '2025-09-19 08:53:45'),
	(56, 18, 23, '2025-09-19 08:53:45', '2025-09-19 08:53:45'),
	(57, 19, 1, '2025-09-26 06:40:26', '2025-09-26 06:40:26'),
	(58, 19, 2, '2025-09-26 06:40:26', '2025-09-26 06:40:26'),
	(59, 19, 3, '2025-09-26 06:40:26', '2025-09-26 06:40:26'),
	(60, 19, 5, '2025-09-26 06:40:26', '2025-09-26 06:40:26'),
	(61, 19, 23, '2025-09-26 06:40:26', '2025-09-26 06:40:26'),
	(62, 20, 1, '2026-02-23 13:58:32', '2026-02-23 13:58:32'),
	(63, 20, 2, '2026-02-23 13:58:32', '2026-02-23 13:58:32'),
	(64, 20, 23, '2026-02-23 13:58:32', '2026-02-23 13:58:32'),
	(65, 21, 5, '2026-02-23 15:43:09', '2026-02-23 15:43:09'),
	(66, 21, 23, '2026-02-23 15:43:09', '2026-02-23 15:43:09'),
	(67, 22, 2, '2026-03-16 07:36:59', '2026-03-16 07:36:59'),
	(68, 22, 3, '2026-03-16 07:36:59', '2026-03-16 07:36:59'),
	(69, 22, 4, '2026-03-16 07:36:59', '2026-03-16 07:36:59'),
	(70, 22, 5, '2026-03-16 07:36:59', '2026-03-16 07:36:59'),
	(71, 22, 23, '2026-03-16 07:36:59', '2026-03-16 07:36:59'),
	(72, 23, 1, '2026-03-23 11:02:09', '2026-03-23 11:02:09'),
	(73, 23, 2, '2026-03-23 11:02:09', '2026-03-23 11:02:09'),
	(74, 23, 3, '2026-03-23 11:02:09', '2026-03-23 11:02:09'),
	(75, 23, 23, '2026-03-23 11:02:09', '2026-03-23 11:02:09'),
	(76, 24, 1, '2026-03-23 12:16:52', '2026-03-23 12:16:52'),
	(77, 24, 2, '2026-03-23 12:16:52', '2026-03-23 12:16:52'),
	(78, 24, 23, '2026-03-23 12:16:52', '2026-03-23 12:16:52'),
	(79, 25, 4, '2026-03-24 14:30:02', '2026-03-24 14:30:02'),
	(80, 25, 23, '2026-03-24 14:30:02', '2026-03-24 14:30:02'),
	(81, 26, 5, '2026-03-25 14:55:20', '2026-03-25 14:55:20'),
	(82, 26, 6, '2026-03-25 14:55:20', '2026-03-25 14:55:20'),
	(83, 26, 7, '2026-03-25 14:55:20', '2026-03-25 14:55:20'),
	(84, 26, 23, '2026-03-25 14:55:20', '2026-03-25 14:55:20'),
	(85, 27, 3, '2026-03-27 08:59:34', '2026-03-27 08:59:34'),
	(86, 27, 4, '2026-03-27 08:59:34', '2026-03-27 08:59:34'),
	(87, 27, 23, '2026-03-27 08:59:34', '2026-03-27 08:59:34');

-- Listage de la structure de la table crec_rh_system_db. pro_studies_types
CREATE TABLE IF NOT EXISTS `pro_studies_types` (
  `id` bigint unsigned NOT NULL AUTO_INCREMENT,
  `study_type_name` varchar(255) COLLATE utf8mb4_unicode_ci NOT NULL,
  `level_type` int NOT NULL,
  `created_at` timestamp NULL DEFAULT NULL,
  `updated_at` timestamp NULL DEFAULT NULL,
  PRIMARY KEY (`id`)
) ENGINE=InnoDB AUTO_INCREMENT=5 DEFAULT CHARSET=utf8mb4 COLLATE=utf8mb4_unicode_ci;

-- Listage des données de la table crec_rh_system_db.pro_studies_types : ~4 rows (environ)
INSERT INTO `pro_studies_types` (`id`, `study_type_name`, `level_type`, `created_at`, `updated_at`) VALUES
	(1, 'Laboratory Bioassays', 1, '2025-09-05 12:22:47', '2025-09-05 12:22:47'),
	(2, 'Experimental Hut Trials', 2, '2025-09-05 12:22:47', '2025-09-05 12:22:47'),
	(3, 'Community Trials', 3, '2025-09-05 12:22:47', '2025-09-05 12:22:47'),
	(4, 'Resistance Biossays', 4, NULL, NULL);

-- Listage de la structure de la table crec_rh_system_db. pro_studies_types_sub_categories
CREATE TABLE IF NOT EXISTS `pro_studies_types_sub_categories` (
  `id` bigint unsigned NOT NULL AUTO_INCREMENT,
  `study_sub_category_name` varchar(255) COLLATE utf8mb4_unicode_ci NOT NULL,
  `level_sub_category` varchar(255) COLLATE utf8mb4_unicode_ci NOT NULL,
  `study_type_id` bigint unsigned NOT NULL,
  `created_at` timestamp NULL DEFAULT NULL,
  `updated_at` timestamp NULL DEFAULT NULL,
  PRIMARY KEY (`id`)
) ENGINE=InnoDB AUTO_INCREMENT=13 DEFAULT CHARSET=utf8mb4 COLLATE=utf8mb4_unicode_ci;

-- Listage des données de la table crec_rh_system_db.pro_studies_types_sub_categories : ~11 rows (environ)
INSERT INTO `pro_studies_types_sub_categories` (`id`, `study_sub_category_name`, `level_sub_category`, `study_type_id`, `created_at`, `updated_at`) VALUES
	(1, 'ITN Evaluation', '1', 1, '2025-09-05 12:22:47', '2025-09-05 12:22:47'),
	(2, 'IRS Evaluation', '2', 1, '2025-09-05 12:22:47', '2025-09-05 12:22:47'),
	(3, 'Resistance Testing', '3', 1, '2025-09-05 12:22:47', '2025-09-05 12:22:47'),
	(4, 'ITN Evaluation', '1', 2, '2025-09-05 12:22:47', '2025-09-05 12:22:47'),
	(5, 'IRS Evaluation', '2', 2, '2025-09-05 12:22:47', '2025-09-05 12:22:47'),
	(6, 'Spatial Repellents', '3', 2, '2025-09-05 12:22:47', '2025-09-05 12:22:47'),
	(7, 'Other Products', '4', 2, '2025-09-05 12:22:47', '2025-09-05 12:22:47'),
	(8, 'ITN Phase 3', '1', 3, '2025-09-05 12:22:47', '2025-09-05 12:22:47'),
	(9, 'IRS Phase 3', '2', 3, '2025-09-05 12:22:47', '2025-09-05 12:22:47'),
	(10, 'Randomised Control Trials', '3', 3, '2025-09-05 12:22:47', '2025-09-05 12:22:47'),
	(11, 'Other Trials', '4', 3, '2025-09-05 12:22:47', '2025-09-05 12:22:47'),
	(12, 'Not Specified', '1', 4, NULL, NULL);

-- Listage de la structure de la table crec_rh_system_db. pro_study_activities
CREATE TABLE IF NOT EXISTS `pro_study_activities` (
  `id` bigint unsigned NOT NULL AUTO_INCREMENT,
  `activity_title` varchar(255) CHARACTER SET utf8mb4 COLLATE utf8mb4_unicode_ci NOT NULL,
  `phase_id` int NOT NULL,
  `nb_days_min` int NOT NULL DEFAULT '0' COMMENT 'Le nombre de jour au minimum après le début du projet pour que cette tâche soit accomplie',
  `nb_days_max` int NOT NULL DEFAULT '0' COMMENT 'Le nombre de jour au maximum après le début du projet pour que cette tâche soit accomplie',
  `created_at` timestamp NULL DEFAULT NULL,
  `updated_at` timestamp NULL DEFAULT NULL,
  PRIMARY KEY (`id`)
) ENGINE=InnoDB AUTO_INCREMENT=25 DEFAULT CHARSET=utf8mb4 COLLATE=utf8mb4_unicode_ci;

-- Listage des données de la table crec_rh_system_db.pro_study_activities : ~24 rows (environ)
INSERT INTO `pro_study_activities` (`id`, `activity_title`, `phase_id`, `nb_days_min`, `nb_days_max`, `created_at`, `updated_at`) VALUES
	(1, 'Appointment of SD', 1, 10, 20, '2025-07-14 14:53:17', '2025-07-14 14:53:17'),
	(2, 'Signature of protocol by SD', 1, 10, 20, '2025-07-14 14:53:17', '2025-07-14 14:53:17'),
	(3, 'Signature of protocol by all parties', 2, 10, 20, '2025-07-14 14:53:17', '2025-07-14 14:53:17'),
	(4, 'First Experiment', 3, 10, 20, '2025-07-14 14:53:17', '2025-07-14 14:53:17'),
	(5, 'Last Expriment', 3, 10, 20, '2025-07-14 14:53:17', '2025-07-14 14:53:17'),
	(6, 'Signature of final report by SD', 4, 10, 20, '2025-07-14 14:53:17', '2025-07-14 14:53:17'),
	(7, 'Signature of final report by all parties', 4, 10, 20, '2025-07-14 14:53:17', '2025-07-14 14:53:17'),
	(8, 'Submission of study related documents to archivist', 5, 10, 20, '2025-07-14 14:53:17', '2025-07-14 14:53:17'),
	(9, 'Appointment of SD', 6, 10, 20, '2025-07-17 12:01:35', '2025-07-17 12:01:35'),
	(10, 'Signature of protocol by SD', 6, 10, 20, '2025-07-17 12:01:35', '2025-07-17 12:01:35'),
	(11, 'Signature of protocol by all parties', 7, 10, 20, '2025-07-17 12:01:35', '2025-07-17 12:01:35'),
	(12, 'First Experiment', 8, 10, 20, '2025-07-17 12:01:35', '2025-07-17 12:01:35'),
	(13, 'Last Expriment', 8, 10, 20, '2025-07-17 12:01:35', '2025-07-17 12:01:35'),
	(14, 'Signature of final report by SD', 9, 10, 20, '2025-07-17 12:01:35', '2025-07-17 12:01:35'),
	(15, 'Signature of final report by all parties', 9, 10, 20, '2025-07-17 12:01:35', '2025-07-17 12:01:35'),
	(16, 'Submission of study related documents to archivist', 10, 10, 20, '2025-07-17 12:01:35', '2025-07-17 12:01:35'),
	(17, 'Appointment of SD', 11, 10, 20, '2025-07-17 12:04:05', '2025-07-17 12:04:05'),
	(18, 'Signature of protocol by SD', 11, 10, 20, '2025-07-17 12:04:05', '2025-07-17 12:04:05'),
	(19, 'Signature of protocol by all parties', 12, 10, 20, '2025-07-17 12:04:05', '2025-07-17 12:04:05'),
	(20, 'First Experiment', 13, 10, 20, '2025-07-17 12:04:05', '2025-07-17 12:04:05'),
	(21, 'Last Expriment', 13, 10, 20, '2025-07-17 12:04:05', '2025-07-17 12:04:05'),
	(22, 'Signature of final report by SD', 14, 10, 20, '2025-07-17 12:04:05', '2025-07-17 12:04:05'),
	(23, 'Signature of final report by all parties', 14, 10, 20, '2025-07-17 12:04:05', '2025-07-17 12:04:05'),
	(24, 'Submission of study related documents to archivist', 15, 10, 20, '2025-07-17 12:04:05', '2025-07-17 12:04:05');

-- Listage de la structure de la table crec_rh_system_db. pro_study_directors
CREATE TABLE IF NOT EXISTS `pro_study_directors` (
  `id` bigint unsigned NOT NULL AUTO_INCREMENT,
  `personnel_id` int NOT NULL,
  `date_promotion` date DEFAULT NULL,
  `created_at` timestamp NULL DEFAULT NULL,
  `updated_at` timestamp NULL DEFAULT NULL,
  PRIMARY KEY (`id`)
) ENGINE=InnoDB DEFAULT CHARSET=utf8mb4 COLLATE=utf8mb4_unicode_ci;

-- Listage des données de la table crec_rh_system_db.pro_study_directors : ~0 rows (environ)

-- Listage de la structure de la table crec_rh_system_db. pro_study_director_appointment_forms
CREATE TABLE IF NOT EXISTS `pro_study_director_appointment_forms` (
  `id` bigint unsigned NOT NULL AUTO_INCREMENT,
  `project_id` bigint unsigned NOT NULL,
  `study_director` bigint unsigned NOT NULL,
  `project_manager` varchar(255) COLLATE utf8mb4_unicode_ci DEFAULT NULL,
  `sd_appointment_date` date DEFAULT NULL,
  `estimated_start_date` date DEFAULT NULL,
  `estimated_end_date` date DEFAULT NULL,
  `study_director_signature` varchar(255) COLLATE utf8mb4_unicode_ci DEFAULT NULL,
  `quality_assurance_signature` varchar(255) COLLATE utf8mb4_unicode_ci DEFAULT NULL,
  `fm_signature` varchar(255) COLLATE utf8mb4_unicode_ci DEFAULT NULL,
  `comments` text COLLATE utf8mb4_unicode_ci,
  `sd_appointment_file` text CHARACTER SET utf8mb4 COLLATE utf8mb4_unicode_ci,
  `replacement_date` date DEFAULT NULL,
  `replacement_reason` text COLLATE utf8mb4_unicode_ci,
  `active` tinyint DEFAULT '1',
  `created_at` timestamp NULL DEFAULT NULL,
  `updated_at` timestamp NULL DEFAULT NULL,
  PRIMARY KEY (`id`)
) ENGINE=InnoDB AUTO_INCREMENT=19 DEFAULT CHARSET=utf8mb4 COLLATE=utf8mb4_unicode_ci;

-- Listage des données de la table crec_rh_system_db.pro_study_director_appointment_forms : ~14 rows (environ)
INSERT INTO `pro_study_director_appointment_forms` (`id`, `project_id`, `study_director`, `project_manager`, `sd_appointment_date`, `estimated_start_date`, `estimated_end_date`, `study_director_signature`, `quality_assurance_signature`, `fm_signature`, `comments`, `sd_appointment_file`, `replacement_date`, `replacement_reason`, `active`, `created_at`, `updated_at`) VALUES
	(1, 2, 1, '10', '2025-09-01', '2025-09-11', '2025-09-17', NULL, NULL, NULL, NULL, 'uploads/0MvjNIh6pq6uQj0323x6xS24rVnAXxd90f0x1BIm.pdf', NULL, NULL, 1, '2025-09-02 13:47:28', '2025-09-02 14:07:33'),
	(6, 3, 1, '1', '2025-09-01', '2025-09-11', '2025-09-19', NULL, NULL, NULL, NULL, NULL, NULL, NULL, 1, '2025-09-02 16:32:43', '2025-09-02 16:32:43'),
	(7, 7, 1, '5', '2025-09-01', '2025-09-11', '2025-09-25', NULL, NULL, NULL, NULL, 'uploads/BqWiwFNvkSfoCOw0ajHzVvJ4aIbQViOVJcfsgMro.pdf', '2025-09-01', 'dgfgfgf', 0, '2025-09-03 15:52:33', '2025-09-03 16:52:36'),
	(8, 7, 3, '1', '2025-09-01', '2025-09-11', '2025-09-25', NULL, NULL, NULL, NULL, 'uploads/q7XhtGUzvXcD0BYyE1tp2CMVJEAsqZ4JVUzER2SO.pdf', '2025-09-01', 'Il a démissionné', 0, '2025-09-03 16:52:36', '2025-09-03 17:06:05'),
	(9, 7, 6, '4', '2025-09-01', '2025-09-11', '2025-09-25', NULL, NULL, NULL, NULL, 'uploads/v5urLK4kNT7ehBzUGCEGcCdbBaDnpJr2l2S9ZiDB.pdf', NULL, NULL, 1, '2025-09-03 17:06:05', '2025-09-03 17:06:05'),
	(10, 32, 1, '7', '2025-09-01', '2025-09-11', '2025-09-24', NULL, NULL, NULL, NULL, 'uploads/p8k2GpFL30OYVGn2mKzI0xfnGWrXVmM6fy0XwwEd.pdf', NULL, NULL, 1, '2025-09-03 17:53:19', '2025-09-03 17:53:19'),
	(11, 5, 1, '17', '2025-09-03', '2025-09-05', '2025-09-17', NULL, NULL, NULL, NULL, 'uploads/NidyCiUEzDbNA4m4Ehj8JiWYFyJCx3PYF5AsZqz2.pdf', NULL, NULL, 1, '2025-09-04 11:51:36', '2025-09-04 11:51:36'),
	(12, 4, 1, '5', '2025-09-01', '2025-09-11', '2025-09-30', NULL, NULL, NULL, NULL, 'uploads/taZv8x9FlAbe30PAx25LuGH8bZqIVVviBFw9uimz.pdf', NULL, NULL, 1, '2025-09-05 08:13:52', '2025-09-05 08:13:52'),
	(13, 1, 1, '5', '2026-03-04', '2026-03-06', '2026-03-18', NULL, NULL, NULL, NULL, 'uploads/sn5PLtZBHio9mrDqs8f99tSrJ6fXvacIhOQf1oax.pdf', NULL, NULL, 1, '2026-03-23 15:59:14', '2026-03-23 15:59:14'),
	(14, 19, 14, '17', '2026-03-04', '2026-03-24', '2026-03-24', NULL, NULL, NULL, NULL, 'uploads/esj86kQdbsgWSKG0n4sanQlbNhPLG9EWTkVOLGP8.pdf', NULL, NULL, 1, '2026-03-24 14:01:50', '2026-03-24 14:01:50'),
	(15, 10, 1, '5', '2026-03-25', '2026-03-25', '2026-03-31', NULL, NULL, NULL, NULL, 'uploads/kKy5YjtvnQNR1qe74gnTpA5pXUKnVvcoS307T1Ye.pdf', NULL, NULL, 1, '2026-03-25 07:09:50', '2026-03-25 07:09:50'),
	(16, 16, 13, '14', '2025-08-31', '2025-08-30', '2026-09-30', NULL, NULL, NULL, NULL, 'uploads/3Fl3ezGZAdCaUJn3tovpCpfR8s9dI2DHM51kt5qo.pdf', NULL, NULL, 1, '2026-03-25 14:51:09', '2026-03-25 14:51:09'),
	(17, 25, 5, '2', '2026-03-02', '2026-03-03', '2026-03-19', NULL, NULL, NULL, NULL, 'uploads/hPHvCf3TizalsmOCWxG6xhMlkvhQX3xEmSxQOQFV.pdf', NULL, NULL, 1, '2026-03-26 15:59:41', '2026-03-26 15:59:41'),
	(18, 34, 5, '4', '2026-03-27', '2026-03-27', '2026-05-29', NULL, NULL, NULL, NULL, 'uploads/vxyAsju6CQiuCUdaNaAyrqZoZI1bvWeGq8BcOhN8.pdf', NULL, NULL, 1, '2026-03-27 08:17:24', '2026-03-27 08:17:24');

-- Listage de la structure de la table crec_rh_system_db. pro_study_phases
CREATE TABLE IF NOT EXISTS `pro_study_phases` (
  `id` bigint unsigned NOT NULL AUTO_INCREMENT,
  `phase_title` varchar(255) CHARACTER SET utf8mb4 COLLATE utf8mb4_unicode_ci NOT NULL,
  `description` text COLLATE utf8mb4_unicode_ci,
  `evidence1` text COLLATE utf8mb4_unicode_ci,
  `evidence2` text COLLATE utf8mb4_unicode_ci,
  `level` int NOT NULL DEFAULT (0),
  `class_couleur` varchar(255) COLLATE utf8mb4_unicode_ci DEFAULT NULL,
  `created_at` timestamp NULL DEFAULT NULL,
  `updated_at` timestamp NULL DEFAULT NULL,
  PRIMARY KEY (`id`)
) ENGINE=InnoDB AUTO_INCREMENT=16 DEFAULT CHARSET=utf8mb4 COLLATE=utf8mb4_unicode_ci;

-- Listage des données de la table crec_rh_system_db.pro_study_phases : ~5 rows (environ)
INSERT INTO `pro_study_phases` (`id`, `phase_title`, `description`, `evidence1`, `evidence2`, `level`, `class_couleur`, `created_at`, `updated_at`) VALUES
	(11, 'Study Start', 'Study Director appointment and drafting of protocol', 'Date of appointment of SD - See SD appointment form', 'Signature of protocol by SD - See copy of signed protocol', 1, 'bg-primary', '2025-07-17 12:04:05', '2025-07-17 12:04:05'),
	(12, 'Planning Phase', 'Study preparation,reception of test items etc.', 'Signature of protocol by all parties - See protocol approval page', 'Date of first experiment - See the first date at which data was recorded on raw data sheet', 2, 'bg-success', '2025-07-17 12:04:05', '2025-07-17 12:04:05'),
	(13, 'Experimental Phase', 'Study implementation and generation of data', 'Date of first experiment - See the first date at which data was recorded on raw data sheet', 'Date of last experiment - See the last date at which data was recorded on raw data sheet', 3, 'bg-warning', '2025-07-17 12:04:05', '2025-07-17 12:04:05'),
	(14, 'Report Phase', 'Data analysis, Study Report drafting and signing', 'Date of last experiment - See the last date at which data was recorded on raw data sheet', 'Date of signature of final report by SD - See final report', 4, 'bg-info', '2025-07-17 12:04:05', '2025-07-17 12:04:05'),
	(15, 'Archiving Phase', 'Preparation and submission of study related documents for archive', 'Date of signature of final report by all parties - See QA statement and Certificate of affirmation', 'Date study related documents are submitted to archivist - See archive deposit form and study checklist', 5, 'bg-secondary', '2025-07-17 12:04:05', '2025-07-17 12:04:05');

/*!40103 SET TIME_ZONE=IFNULL(@OLD_TIME_ZONE, 'system') */;
/*!40101 SET SQL_MODE=IFNULL(@OLD_SQL_MODE, '') */;
/*!40014 SET FOREIGN_KEY_CHECKS=IFNULL(@OLD_FOREIGN_KEY_CHECKS, 1) */;
/*!40101 SET CHARACTER_SET_CLIENT=@OLD_CHARACTER_SET_CLIENT */;
/*!40111 SET SQL_NOTES=IFNULL(@OLD_SQL_NOTES, 1) */;
